time,ax (m/s^2),ay (m/s^2),az (m/s^2),aT (m/s^2)
0.002230,-0.0232,-0.3030,-0.2385,0.386
0.008451,-0.0262,-0.3175,-0.2483,0.404
0.028913,-0.0290,-0.3290,-0.2559,0.418
0.029668,-0.0337,-0.3491,-0.2712,0.443
0.038716,-0.0408,-0.3832,-0.2981,0.487
0.050024,-0.0484,-0.4139,-0.3220,0.527
0.059586,-0.0552,-0.4405,-0.3428,0.561
0.069239,-0.0607,-0.4598,-0.3595,0.587
0.079739,-0.0644,-0.4724,-0.3710,0.604
0.089252,-0.0667,-0.4835,-0.3819,0.620
0.102533,-0.0684,-0.4926,-0.3911,0.633
0.109582,-0.0692,-0.4968,-0.3964,0.639
0.120221,-0.0679,-0.4860,-0.3902,0.627
0.130689,-0.0692,-0.4760,-0.3857,0.617
0.140083,-0.0721,-0.4566,-0.3728,0.594
0.150398,-0.0714,-0.4389,-0.3608,0.573
0.161095,-0.0710,-0.4275,-0.3538,0.559
0.170268,-0.0701,-0.4226,-0.3517,0.554
0.180987,-0.0722,-0.4277,-0.3590,0.563
0.191148,-0.0750,-0.4339,-0.3677,0.574
0.201683,-0.0776,-0.4313,-0.3691,0.573
0.211774,-0.0811,-0.4267,-0.3682,0.569
0.221328,-0.0845,-0.4200,-0.3642,0.562
0.233177,-0.0865,-0.4148,-0.3601,0.556
0.242104,-0.0863,-0.4050,-0.3509,0.543
0.251834,-0.0864,-0.3968,-0.3431,0.532
0.261819,-0.0870,-0.3885,-0.3363,0.521
0.276977,-0.0911,-0.3915,-0.3385,0.525
0.282512,-0.0965,-0.3950,-0.3422,0.531
0.292287,-0.1018,-0.3948,-0.3424,0.532
0.302675,-0.1134,-0.4179,-0.3610,0.564
0.312742,-0.1229,-0.4340,-0.3751,0.587
0.322521,-0.1288,-0.4388,-0.3811,0.595
0.332874,-0.1323,-0.4379,-0.3828,0.596
0.342990,-0.1355,-0.4377,-0.3860,0.599
0.353336,-0.1386,-0.4360,-0.3877,0.600
0.363070,-0.1405,-0.4340,-0.3892,0.600
0.374288,-0.1417,-0.4314,-0.3909,0.599
0.393480,-0.1410,-0.4253,-0.3892,0.593
0.394937,-0.1389,-0.4192,-0.3870,0.587
0.403964,-0.1353,-0.4142,-0.3855,0.582
0.413923,-0.1301,-0.4069,-0.3810,0.572
0.424340,-0.1261,-0.4020,-0.3797,0.567
0.434343,-0.1202,-0.3893,-0.3712,0.551
0.444202,-0.1125,-0.3695,-0.3559,0.525
0.454217,-0.1040,-0.3468,-0.3382,0.495
0.465300,-0.0966,-0.3259,-0.3210,0.468
0.474855,-0.0883,-0.3025,-0.3008,0.436
0.485684,-0.0801,-0.2804,-0.2804,0.405
0.495339,-0.0726,-0.2599,-0.2614,0.376
0.505325,-0.0604,-0.2210,-0.2248,0.321
0.515224,-0.0524,-0.1947,-0.1999,0.284
0.525914,-0.0516,-0.1933,-0.1998,0.283
0.535714,-0.0529,-0.1982,-0.2065,0.291
0.546286,-0.0543,-0.2028,-0.2132,0.299
0.559510,-0.0554,-0.2066,-0.2194,0.306
0.565872,-0.0560,-0.2074,-0.2225,0.309
0.576655,-0.0561,-0.2066,-0.2241,0.310
0.585623,-0.0557,-0.2034,-0.2233,0.307
0.596390,-0.0553,-0.1988,-0.2214,0.303
0.606516,-0.0555,-0.1952,-0.2207,0.300
0.616695,-0.0548,-0.1902,-0.2182,0.295
0.626746,-0.0536,-0.1855,-0.2159,0.290
0.637418,-0.0511,-0.1794,-0.2113,0.282
0.647224,-0.0481,-0.1742,-0.2071,0.275
0.657771,-0.0447,-0.1700,-0.2031,0.269
0.667684,-0.0427,-0.1741,-0.2079,0.275
0.677614,-0.0415,-0.1827,-0.2167,0.286
0.692695,-0.0425,-0.2045,-0.2404,0.318
0.697598,-0.0413,-0.2166,-0.2529,0.336
0.707991,-0.0407,-0.2314,-0.2691,0.357
0.717932,-0.0387,-0.2404,-0.2790,0.370
0.728320,-0.0357,-0.2452,-0.2841,0.377
0.738384,-0.0308,-0.2368,-0.2745,0.364
0.748457,-0.0261,-0.2280,-0.2642,0.350
0.758839,-0.0220,-0.2193,-0.2537,0.336
0.768855,-0.0181,-0.2092,-0.2409,0.320
0.779718,-0.0149,-0.2011,-0.2302,0.306
0.789523,-0.0124,-0.2012,-0.2276,0.304
0.798908,-0.0099,-0.2018,-0.2252,0.303
0.809768,-0.0074,-0.2010,-0.2212,0.299
0.825707,-0.0051,-0.2014,-0.2188,0.297
0.829582,-0.0032,-0.2026,-0.2172,0.297
0.839205,-0.0021,-0.2067,-0.2190,0.301
0.849286,-0.0016,-0.2138,-0.2248,0.310
0.859525,-0.0017,-0.2254,-0.2360,0.326
0.869976,-0.0022,-0.2312,-0.2426,0.335
0.879538,-0.0027,-0.2314,-0.2445,0.337
0.891444,-0.0035,-0.2172,-0.2320,0.318
0.899733,-0.0036,-0.2120,-0.2280,0.311
0.910517,-0.0033,-0.2005,-0.2167,0.295
0.920460,-0.0029,-0.1995,-0.2159,0.294
0.931185,-0.0027,-0.2052,-0.2227,0.303
0.941825,-0.0027,-0.2239,-0.2430,0.330
0.950690,-0.0028,-0.2439,-0.2651,0.360
0.962629,-0.0028,-0.2626,-0.2861,0.388
0.971590,-0.0026,-0.2851,-0.3123,0.423
0.981864,-0.0019,-0.3023,-0.3336,0.450
0.991587,-0.0010,-0.3112,-0.3475,0.466
1.001668,0.0001,-0.3189,-0.3614,0.482
1.012229,0.0019,-0.3181,-0.3682,0.487
1.022460,0.0030,-0.3064,-0.3639,0.476
1.032444,0.0043,-0.2983,-0.3646,0.471
1.042949,0.0057,-0.2873,-0.3618,0.462
1.052664,0.0072,-0.3005,-0.3875,0.490
1.061996,0.0091,-0.3177,-0.4196,0.526
1.073088,0.0109,-0.3353,-0.4535,0.564
1.083116,0.0128,-0.3585,-0.4955,0.612
1.093271,0.0147,-0.3754,-0.5323,0.652
1.102659,0.0165,-0.3857,-0.5622,0.682
1.113262,0.0177,-0.3913,-0.5878,0.706
1.123224,0.0184,-0.3851,-0.5980,0.711
1.133451,0.0189,-0.3752,-0.6027,0.710
1.145030,0.0195,-0.3642,-0.6060,0.707
1.153991,0.0206,-0.3505,-0.6026,0.697
1.163637,0.0214,-0.3333,-0.5919,0.680
1.174769,0.0218,-0.3135,-0.5737,0.654
1.183867,0.0217,-0.2963,-0.5583,0.632
1.194557,0.0211,-0.2758,-0.5352,0.602
1.204219,0.0204,-0.2566,-0.5122,0.573
1.214516,0.0194,-0.2485,-0.5078,0.566
1.224472,0.0190,-0.2486,-0.5184,0.575
1.234798,0.0180,-0.2468,-0.5225,0.578
1.245361,0.0173,-0.2470,-0.5302,0.585
1.254935,0.0156,-0.2270,-0.4963,0.546
1.264706,0.0135,-0.2021,-0.4483,0.492
1.274919,0.0112,-0.1767,-0.3967,0.434
1.285729,0.0090,-0.1469,-0.3341,0.365
1.296244,0.0068,-0.1228,-0.2817,0.307
1.306094,0.0049,-0.1027,-0.2369,0.258
1.315766,0.0034,-0.0857,-0.1980,0.216
1.325943,0.0022,-0.0740,-0.1705,0.186
1.336113,0.0013,-0.0649,-0.1489,0.162
1.346105,0.0005,-0.0543,-0.1235,0.135
1.356810,-0.0001,-0.0446,-0.1004,0.110
1.366562,-0.0005,-0.0359,-0.0800,0.088
1.380941,-0.0008,-0.0304,-0.0669,0.073
1.386375,-0.0009,-0.0255,-0.0554,0.061
1.396868,-0.0011,-0.0243,-0.0521,0.058
1.406836,-0.0013,-0.0242,-0.0511,0.057
1.417377,-0.0014,-0.0225,-0.0467,0.052
1.426646,-0.0015,-0.0210,-0.0428,0.048
1.437411,-0.0014,-0.0185,-0.0369,0.041
1.447592,-0.0014,-0.0170,-0.0333,0.037
1.457861,-0.0016,-0.0189,-0.0364,0.041
1.467481,-0.0020,-0.0211,-0.0401,0.045
1.477664,-0.0020,-0.0206,-0.0386,0.044
1.488349,-0.0019,-0.0180,-0.0331,0.038
1.498493,-0.0015,-0.0138,-0.0250,0.029
1.513886,-0.0008,-0.0075,-0.0133,0.015
1.518560,0.0001,0.0009,0.0016,0.002
1.528435,0.0009,0.0084,0.0143,0.017
1.538873,0.0018,0.0166,0.0280,0.033
1.549061,0.0024,0.0226,0.0374,0.044
1.559701,0.0029,0.0282,0.0460,0.054
1.569053,0.0029,0.0297,0.0479,0.056
1.579310,0.0030,0.0318,0.0506,0.060
1.589161,0.0029,0.0316,0.0497,0.059
1.598866,0.0027,0.0304,0.0473,0.056
1.609221,0.0024,0.0278,0.0429,0.051
1.619692,0.0021,0.0246,0.0376,0.045
1.629581,0.0017,0.0183,0.0279,0.033
1.640361,0.0008,0.0081,0.0124,0.015
1.649999,-0.0001,-0.0012,-0.0018,0.002
1.659841,-0.0008,-0.0069,-0.0105,0.013
1.670142,-0.0015,-0.0126,-0.0192,0.023
1.680521,-0.0023,-0.0185,-0.0281,0.034
1.691828,-0.0030,-0.0231,-0.0350,0.042
1.701336,-0.0030,-0.0225,-0.0339,0.041
1.710893,-0.0030,-0.0211,-0.0317,0.038
1.721962,-0.0028,-0.0194,-0.0289,0.035
1.730893,-0.0031,-0.0195,-0.0288,0.035
1.741777,-0.0030,-0.0180,-0.0264,0.032
1.752616,-0.0026,-0.0140,-0.0204,0.025
1.761447,-0.0003,-0.0013,-0.0019,0.002
1.771560,0.0075,0.0335,0.0494,0.060
1.782080,0.0208,0.0834,0.1266,0.153
1.794171,0.0373,0.1370,0.2137,0.257
1.801416,0.0588,0.2004,0.3228,0.384
1.811591,0.0837,0.2671,0.4448,0.526
1.822110,0.1034,0.3127,0.5349,0.628
1.832682,0.1193,0.3459,0.6042,0.706
1.844115,0.1296,0.3617,0.6406,0.747
1.852316,0.1358,0.3674,0.6570,0.765
1.862570,0.1392,0.3665,0.6592,0.767
1.874161,0.1385,0.3535,0.6367,0.741
1.883053,0.1371,0.3380,0.6112,0.712
1.893018,0.1363,0.3218,0.5887,0.685
1.903565,0.1329,0.2990,0.5579,0.647
1.912857,0.1266,0.2706,0.5171,0.597
1.927819,0.1182,0.2396,0.4718,0.542
1.933240,0.1089,0.2130,0.4323,0.494
1.944112,0.1037,0.1972,0.4137,0.470
1.954272,0.1003,0.1880,0.4065,0.459
1.963824,0.0927,0.1732,0.3844,0.432
1.973844,0.0763,0.1437,0.3242,0.363
1.984888,0.0533,0.1019,0.2304,0.257
1.994630,0.0300,0.0581,0.1316,0.147
2.004940,0.0028,0.0054,0.0123,0.014
2.014834,-0.0258,-0.0504,-0.1141,0.127
2.025021,-0.0459,-0.0893,-0.2036,0.227
2.035239,-0.0595,-0.1149,-0.2651,0.295
2.045363,-0.0638,-0.1222,-0.2873,0.319
2.056496,-0.0626,-0.1187,-0.2851,0.315
2.065833,-0.0576,-0.1075,-0.2649,0.292
2.075278,-0.0464,-0.0855,-0.2166,0.237
2.085870,-0.0350,-0.0635,-0.1658,0.181
2.095235,-0.0259,-0.0465,-0.1246,0.135
2.105752,-0.0167,-0.0297,-0.0811,0.088
2.115998,-0.0056,-0.0098,-0.0273,0.030
2.126362,0.0067,0.0116,0.0328,0.035
2.136672,0.0192,0.0327,0.0937,0.101
2.146709,0.0275,0.0464,0.1334,0.144
2.156674,0.0311,0.0524,0.1500,0.162
2.167151,0.0331,0.0563,0.1595,0.172
2.177267,0.0333,0.0578,0.1613,0.175
2.187819,0.0321,0.0574,0.1567,0.170
2.197730,0.0299,0.0556,0.1479,0.161
2.207066,0.0300,0.0583,0.1504,0.164
2.217362,0.0285,0.0581,0.1451,0.159
2.227623,0.0293,0.0629,0.1515,0.167
2.238463,0.0292,0.0664,0.1540,0.170
2.248054,0.0298,0.0716,0.1600,0.178
2.258240,0.0303,0.0774,0.1667,0.186
2.268427,0.0306,0.0839,0.1741,0.196
2.277710,0.0324,0.0955,0.1912,0.216
2.289280,0.0313,0.0998,0.1921,0.219
2.298337,0.0333,0.1157,0.2144,0.246
2.309119,0.0318,0.1200,0.2136,0.247
2.318944,0.0328,0.1349,0.2320,0.270
2.329195,0.0330,0.1476,0.2457,0.288
2.339036,0.0317,0.1531,0.2478,0.293
2.349391,0.0293,0.1515,0.2392,0.285
2.359565,0.0269,0.1461,0.2259,0.270
2.369917,0.0249,0.1403,0.2131,0.256
2.379543,0.0234,0.1353,0.2022,0.244
2.390066,0.0221,0.1320,0.1944,0.236
2.399776,0.0211,0.1314,0.1907,0.233
2.410012,0.0188,0.1235,0.1764,0.216
2.419881,0.0166,0.1165,0.1639,0.202
2.430463,0.0136,0.1028,0.1423,0.176
2.441449,0.0102,0.0855,0.1167,0.145
2.450513,0.0082,0.0789,0.1065,0.133
2.460487,0.0079,0.0896,0.1204,0.150
2.470603,0.0084,0.1154,0.1557,0.194
2.481269,0.0083,0.1391,0.1890,0.235
2.490784,0.0074,0.1568,0.2149,0.266
2.501456,0.0056,0.1548,0.2136,0.264
2.511437,0.0038,0.1531,0.2136,0.263
2.521350,0.0019,0.1380,0.1940,0.238
2.531854,0.0004,0.1145,0.1628,0.199
2.541951,-0.0005,0.0826,0.1189,0.145
2.552172,-0.0008,0.0497,0.0726,0.088
2.561646,-0.0002,0.0091,0.0135,0.016
2.571589,0.0011,-0.0322,-0.0483,0.058
2.581957,0.0033,-0.0735,-0.1123,0.134
2.591898,0.0063,-0.1214,-0.1891,0.225
2.602708,0.0099,-0.1696,-0.2701,0.319
2.612689,0.0139,-0.2228,-0.3630,0.426
2.622932,0.0176,-0.2745,-0.4583,0.535
2.633300,0.0211,-0.3221,-0.5523,0.640
2.642860,0.0235,-0.3651,-0.6426,0.739
2.652952,0.0254,-0.4169,-0.7522,0.860
2.663120,0.0272,-0.4836,-0.8890,1.012
2.672987,0.0273,-0.5563,-1.0404,1.180
2.682970,0.0270,-0.6308,-1.1964,1.353
2.693479,0.0235,-0.6669,-1.2960,1.458
2.702941,0.0187,-0.6799,-1.3616,1.522
2.713870,0.0119,-0.6741,-1.3931,1.548
2.723469,0.0066,-0.6614,-1.4154,1.562
2.734074,0.0011,-0.6419,-1.4173,1.556
2.744478,-0.0035,-0.6117,-1.3889,1.518
2.754100,-0.0067,-0.5777,-1.3480,1.467
2.764571,-0.0098,-0.5349,-1.2843,1.391
2.774323,-0.0123,-0.4918,-1.2106,1.307
2.785902,-0.0147,-0.4515,-1.1326,1.219
2.794699,-0.0164,-0.4069,-1.0386,1.116
2.804407,-0.0176,-0.3642,-0.9432,1.011
2.814845,-0.0176,-0.3178,-0.8322,0.891
2.825398,-0.0163,-0.2698,-0.7134,0.763
2.834928,-0.0151,-0.2233,-0.5952,0.636
2.845771,-0.0131,-0.1777,-0.4776,0.510
2.855149,-0.0103,-0.1321,-0.3566,0.380
2.866099,-0.0074,-0.0884,-0.2398,0.256
2.875544,-0.0044,-0.0520,-0.1411,0.150
2.885956,-0.0014,-0.0168,-0.0453,0.048
2.895843,0.0003,0.0040,0.0107,0.011
2.906223,0.0012,0.0146,0.0383,0.041
2.918061,0.0015,0.0189,0.0488,0.052
2.926398,0.0016,0.0213,0.0538,0.058
2.937063,0.0016,0.0234,0.0578,0.062
2.947211,0.0015,0.0239,0.0576,0.062
2.957352,0.0015,0.0250,0.0587,0.064
2.968182,0.0016,0.0281,0.0643,0.070
2.977475,0.0016,0.0296,0.0661,0.072
2.986741,0.0016,0.0317,0.0694,0.076
2.997759,0.0017,0.0346,0.0743,0.082
3.008055,0.0018,0.0384,0.0808,0.089
3.017612,0.0018,0.0397,0.0819,0.091
3.028478,0.0018,0.0415,0.0843,0.094
3.038338,0.0019,0.0449,0.0896,0.100
3.047865,0.0021,0.0495,0.0970,0.109
3.058038,0.0023,0.0537,0.1036,0.117
3.068348,0.0025,0.0594,0.1125,0.127
3.079662,0.0029,0.0668,0.1245,0.141
3.089540,0.0032,0.0724,0.1326,0.151
3.098985,0.0033,0.0753,0.1359,0.155
3.108530,0.0035,0.0817,0.1450,0.166
3.119747,0.0037,0.0862,0.1506,0.174
3.129593,0.0040,0.0914,0.1574,0.182
3.139723,0.0041,0.0929,0.1578,0.183
3.154266,0.0045,0.0906,0.1523,0.177
3.159452,0.0049,0.0861,0.1436,0.167
3.169276,0.0053,0.0806,0.1335,0.156
3.180117,0.0059,0.0757,0.1243,0.146
3.189649,0.0066,0.0744,0.1209,0.142
3.200197,0.0071,0.0700,0.1128,0.133
3.210018,0.0074,0.0653,0.1041,0.123
3.220302,0.0080,0.0626,0.0987,0.117
3.230691,0.0090,0.0622,0.0975,0.116
3.240835,0.0108,0.0668,0.1046,0.125
3.250821,0.0139,0.0767,0.1205,0.144
3.260902,0.0181,0.0887,0.1403,0.167
3.271158,0.0226,0.0989,0.1573,0.187
3.285798,0.0299,0.1181,0.1897,0.225
3.291338,0.0424,0.1518,0.2477,0.294
3.301891,0.0586,0.1924,0.3201,0.378
3.311739,0.0794,0.2409,0.4105,0.483
3.322087,0.1063,0.3010,0.5265,0.616
3.332573,0.1294,0.3440,0.6171,0.718
3.342159,0.1431,0.3602,0.6576,0.763
3.351908,0.1474,0.3582,0.6621,0.767
3.362476,0.1469,0.3468,0.6507,0.752
3.372380,0.1486,0.3423,0.6552,0.754
3.382706,0.1524,0.3435,0.6754,0.773
3.393062,0.1500,0.3318,0.6682,0.761
3.402514,0.1475,0.3214,0.6621,0.751
3.413158,0.1382,0.2955,0.6221,0.702
3.422473,0.1292,0.2711,0.5830,0.656
3.436319,0.1146,0.2380,0.5199,0.583
3.443416,0.0997,0.2057,0.4545,0.509
3.453468,0.0837,0.1711,0.3817,0.427
3.463694,0.0695,0.1415,0.3181,0.355
3.473774,0.0589,0.1200,0.2728,0.304
3.483536,0.0473,0.0970,0.2220,0.247
3.493788,0.0309,0.0641,0.1469,0.163
3.503931,0.0125,0.0262,0.0598,0.066
3.515135,-0.0085,-0.0181,-0.0410,0.046
3.524776,-0.0341,-0.0726,-0.1635,0.182
3.533871,-0.0539,-0.1156,-0.2585,0.288
3.544892,-0.0610,-0.1319,-0.2952,0.329
3.554587,-0.0594,-0.1291,-0.2901,0.323
3.569024,-0.0549,-0.1201,-0.2700,0.301
3.574954,-0.0543,-0.1196,-0.2677,0.298
3.585747,-0.0585,-0.1297,-0.2878,0.321
3.595823,-0.0571,-0.1266,-0.2801,0.313
3.605896,-0.0560,-0.1235,-0.2731,0.305
3.615628,-0.0463,-0.1024,-0.2272,0.253
3.626022,-0.0373,-0.0822,-0.1834,0.204
3.635638,-0.0244,-0.0536,-0.1205,0.134
3.647954,-0.0145,-0.0319,-0.0724,0.080
3.655924,-0.0046,-0.0102,-0.0233,0.026
3.665864,0.0020,0.0044,0.0102,0.011
3.676903,0.0057,0.0127,0.0293,0.032
3.686783,0.0058,0.0130,0.0303,0.034
3.700749,0.0064,0.0145,0.0338,0.037
3.707066,0.0071,0.0162,0.0380,0.042
3.716930,0.0076,0.0174,0.0410,0.045
3.727701,0.0086,0.0201,0.0474,0.052
3.737173,0.0102,0.0242,0.0570,0.063
3.747437,0.0125,0.0300,0.0705,0.078
3.757695,0.0146,0.0359,0.0833,0.092
3.767750,0.0169,0.0428,0.0979,0.108
3.777537,0.0186,0.0486,0.1098,0.121
3.787251,0.0199,0.0540,0.1198,0.133
3.797682,0.0197,0.0555,0.1208,0.134
3.808181,0.0186,0.0548,0.1167,0.130
3.818454,0.0171,0.0523,0.1090,0.122
3.830741,0.0153,0.0492,0.0999,0.112
3.838422,0.0129,0.0437,0.0864,0.098
3.848256,0.0115,0.0409,0.0788,0.090
3.858658,0.0117,0.0442,0.0830,0.095
3.869134,0.0119,0.0479,0.0876,0.101
3.878887,0.0142,0.0606,0.1085,0.125
3.889535,0.0177,0.0791,0.1384,0.160
3.899019,0.0208,0.0968,0.1661,0.193
3.909468,0.0222,0.1073,0.1803,0.211
3.919549,0.0214,0.1082,0.1780,0.209
3.930415,0.0202,0.1077,0.1738,0.205
3.940484,0.0186,0.1058,0.1673,0.199
3.950007,0.0163,0.0996,0.1546,0.185
3.959958,0.0140,0.0923,0.1406,0.169
3.969883,0.0116,0.0832,0.1242,0.150
3.982545,0.0096,0.0766,0.1117,0.136
3.990829,0.0084,0.0760,0.1086,0.133
4.000656,0.0081,0.0846,0.1190,0.146
4.010999,0.0087,0.1092,0.1516,0.187
4.020807,0.0087,0.1380,0.1903,0.235
4.030463,0.0080,0.1693,0.2331,0.288
4.041181,0.0064,0.1901,0.2620,0.324
4.051000,0.0041,0.2040,0.2823,0.348
4.062091,0.0017,0.2009,0.2796,0.344
4.072147,-0.0001,0.1848,0.2588,0.318
4.082033,-0.0017,0.1479,0.2079,0.255
4.092226,-0.0023,0.1041,0.1464,0.180
4.101632,-0.0022,0.0641,0.0905,0.111
4.112377,-0.0010,0.0209,0.0296,0.036
4.122730,0.0004,-0.0072,-0.0103,0.013
4.132951,0.0028,-0.0453,-0.0654,0.080
4.142797,0.0052,-0.0780,-0.1146,0.139
4.152526,0.0077,-0.1127,-0.1692,0.203
4.162089,0.0102,-0.1481,-0.2284,0.272
4.173178,0.0126,-0.1836,-0.2923,0.345
4.183496,0.0151,-0.2265,-0.3729,0.437
4.194875,0.0174,-0.2764,-0.4698,0.545
4.203772,0.0197,-0.3402,-0.5930,0.684
4.213005,0.0211,-0.4129,-0.7351,0.843
4.223188,0.0232,-0.4933,-0.8926,1.020
4.234057,0.0244,-0.5741,-1.0544,1.201
4.244642,0.0270,-0.6383,-1.1920,1.352
4.253993,0.0288,-0.6758,-1.2889,1.456
4.263787,0.0307,-0.6944,-1.3548,1.523
4.273598,0.0325,-0.6858,-1.3754,1.537
4.285083,0.0305,-0.6600,-1.3639,1.516
4.294572,0.0259,-0.6264,-1.3382,1.478
4.304102,0.0203,-0.5989,-1.3210,1.451
4.314325,0.0128,-0.5607,-1.2796,1.397
4.324668,0.0056,-0.5297,-1.2456,1.354
4.335072,-0.0003,-0.4930,-1.1936,1.291
4.344791,-0.0047,-0.4642,-1.1478,1.238
4.355326,-0.0076,-0.4366,-1.0944,1.178
4.365654,-0.0083,-0.4085,-1.0339,1.112
4.375705,-0.0081,-0.3804,-0.9614,1.034
4.385326,-0.0064,-0.3445,-0.8695,0.935
4.398306,-0.0051,-0.3040,-0.7650,0.823
4.405901,-0.0042,-0.2535,-0.6392,0.688
4.416016,-0.0033,-0.2031,-0.5148,0.553
4.426928,-0.0034,-0.1532,-0.3898,0.419
4.436900,-0.0030,-0.1047,-0.2662,0.286
4.446640,-0.0024,-0.0631,-0.1596,0.172
4.457142,-0.0018,-0.0393,-0.0980,0.106
4.466617,-0.0014,-0.0267,-0.0654,0.071
4.476966,-0.0017,-0.0284,-0.0679,0.074
4.486798,-0.0025,-0.0377,-0.0874,0.095
4.497726,-0.0037,-0.0542,-0.1218,0.133
4.507693,-0.0046,-0.0644,-0.1402,0.154
4.517832,-0.0052,-0.0692,-0.1464,0.162
4.526900,-0.0058,-0.0712,-0.1464,0.163
4.537670,-0.0063,-0.0704,-0.1410,0.158
4.547450,-0.0073,-0.0738,-0.1443,0.162
4.558084,-0.0097,-0.0883,-0.1682,0.190
4.567737,-0.0122,-0.0977,-0.1817,0.207
4.578365,-0.0157,-0.1094,-0.1994,0.228
4.587973,-0.0167,-0.1039,-0.1863,0.214
4.598210,-0.0164,-0.0926,-0.1635,0.189
4.609067,-0.0130,-0.0681,-0.1187,0.137
4.618848,-0.0077,-0.0379,-0.0650,0.076
4.629203,-0.0011,-0.0054,-0.0091,0.011
4.639551,0.0051,0.0232,0.0391,0.046
4.648970,0.0103,0.0451,0.0754,0.089
4.658896,0.0149,0.0621,0.1035,0.122
4.669352,0.0183,0.0739,0.1225,0.144
4.678815,0.0223,0.0885,0.1460,0.172
4.689002,0.0275,0.1084,0.1777,0.210
4.700147,0.0344,0.1352,0.2202,0.261
4.709406,0.0399,0.1565,0.2519,0.299
4.720239,0.0439,0.1718,0.2721,0.325
4.729900,0.0455,0.1784,0.2775,0.333
4.740334,0.0457,0.1803,0.2752,0.332
4.751067,0.0459,0.1820,0.2737,0.332
4.760739,0.0477,0.1883,0.2816,0.342
4.771057,0.0468,0.1858,0.2765,0.336
4.781267,0.0440,0.1762,0.2626,0.319
4.791927,0.0369,0.1462,0.2186,0.266
4.800886,0.0292,0.1137,0.1717,0.208
4.810830,0.0188,0.0708,0.1083,0.131
4.821810,0.0083,0.0296,0.0463,0.056
4.831693,-0.0027,-0.0093,-0.0148,0.018
4.841418,-0.0157,-0.0512,-0.0833,0.099
4.851923,-0.0278,-0.0863,-0.1428,0.169
4.861304,-0.0395,-0.1175,-0.1972,0.233
4.872243,-0.0552,-0.1558,-0.2647,0.312
4.882269,-0.0726,-0.1915,-0.3292,0.388
4.891750,-0.0954,-0.2345,-0.4070,0.479
4.902475,-0.1210,-0.2794,-0.4905,0.577
4.912094,-0.1465,-0.3210,-0.5706,0.671
4.922117,-0.1700,-0.3597,-0.6466,0.759
4.933255,-0.1852,-0.3837,-0.6979,0.818
4.945012,-0.1934,-0.3978,-0.7336,0.857
4.953327,-0.1889,-0.3885,-0.7287,0.847
4.963047,-0.1771,-0.3692,-0.7048,0.815
4.973679,-0.1661,-0.3507,-0.6814,0.784
4.982896,-0.1579,-0.3334,-0.6584,0.755
4.993416,-0.1505,-0.3185,-0.6365,0.728
5.003335,-0.1451,-0.3096,-0.6226,0.710
5.013947,-0.1431,-0.3087,-0.6187,0.706
5.023896,-0.1433,-0.3140,-0.6225,0.712
5.033844,-0.1420,-0.3182,-0.6226,0.714
5.044187,-0.1370,-0.3128,-0.6075,0.697
5.054432,-0.1299,-0.3028,-0.5870,0.673
5.064625,-0.1215,-0.2860,-0.5545,0.636
5.077295,-0.1074,-0.2547,-0.4976,0.569
5.085184,-0.0923,-0.2210,-0.4371,0.498
5.094191,-0.0759,-0.1818,-0.3675,0.417
5.106731,-0.0615,-0.1465,-0.3034,0.343
5.114813,-0.0512,-0.1200,-0.2550,0.286
5.126000,-0.0442,-0.1009,-0.2205,0.246
5.136261,-0.0378,-0.0836,-0.1879,0.209
5.145850,-0.0298,-0.0639,-0.1471,0.163
5.157056,-0.0279,-0.0581,-0.1361,0.151
5.165662,-0.0291,-0.0591,-0.1394,0.154
5.176138,-0.0299,-0.0595,-0.1410,0.156
5.186517,-0.0287,-0.0570,-0.1347,0.149
5.196200,-0.0268,-0.0535,-0.1260,0.139
5.210692,-0.0249,-0.0499,-0.1171,0.130
5.216924,-0.0218,-0.0442,-0.1035,0.115
5.226583,-0.0195,-0.0400,-0.0936,0.104
5.237236,-0.0169,-0.0351,-0.0819,0.091
5.246884,-0.0141,-0.0299,-0.0694,0.077
5.256874,-0.0097,-0.0211,-0.0485,0.054
5.267877,-0.0083,-0.0190,-0.0429,0.048
5.277372,-0.0094,-0.0224,-0.0497,0.055
5.286783,-0.0130,-0.0329,-0.0711,0.079
5.298107,-0.0169,-0.0464,-0.0968,0.109
5.307807,-0.0168,-0.0500,-0.1009,0.114
5.318227,-0.0125,-0.0403,-0.0789,0.089
5.327965,-0.0051,-0.0181,-0.0345,0.039
5.338396,-0.0006,-0.0022,-0.0041,0.005
5.347885,0.0011,0.0046,0.0083,0.010
5.358371,0.0034,0.0149,0.0262,0.030
5.368484,0.0054,0.0255,0.0441,0.051
5.378519,0.0084,0.0417,0.0712,0.083
5.389102,0.0103,0.0534,0.0901,0.105
5.399206,0.0112,0.0609,0.1018,0.119
5.409229,0.0108,0.0618,0.1022,0.120
5.419194,0.0097,0.0587,0.0957,0.113
5.429657,0.0096,0.0618,0.0993,0.117
5.438858,0.0099,0.0695,0.1092,0.130
5.450269,0.0099,0.0767,0.1178,0.141
5.459448,0.0092,0.0780,0.1171,0.141
5.470502,0.0088,0.0833,0.1224,0.148
5.480091,0.0085,0.0896,0.1296,0.158
5.490439,0.0079,0.0935,0.1342,0.164
5.500387,0.0072,0.0938,0.1346,0.164
5.509688,0.0058,0.0854,0.1230,0.150
5.521267,0.0047,0.0782,0.1140,0.138
5.530187,0.0045,0.0831,0.1241,0.149
5.540699,0.0050,0.1017,0.1569,0.187
5.551717,0.0048,0.1106,0.1768,0.209
5.561335,0.0036,0.0908,0.1495,0.175
5.570710,0.0021,0.0563,0.0952,0.111
5.581377,-0.0001,-0.0033,-0.0057,0.007
5.590840,-0.0020,-0.0631,-0.1103,0.127
5.601742,-0.0036,-0.1231,-0.2187,0.251
5.611681,-0.0040,-0.1734,-0.3134,0.358
5.621410,-0.0041,-0.2333,-0.4284,0.488
5.632208,-0.0033,-0.2796,-0.5269,0.597
5.641712,-0.0035,-0.3358,-0.6538,0.735
5.652006,-0.0032,-0.3737,-0.7562,0.844
5.661877,-0.0022,-0.4031,-0.8521,0.943
5.672065,-0.0008,-0.3969,-0.8864,0.971
5.682553,0.0013,-0.3842,-0.9012,0.980
5.692586,0.0040,-0.3866,-0.9397,1.016
5.702965,0.0073,-0.3723,-0.9370,1.008
5.713397,0.0095,-0.3479,-0.9046,0.969
5.722649,0.0110,-0.3364,-0.8953,0.956
5.733020,0.0129,-0.3443,-0.9280,0.990
5.743305,0.0142,-0.3666,-0.9953,1.061
5.753565,0.0151,-0.3848,-1.0518,1.120
5.763806,0.0148,-0.3871,-1.0675,1.136
5.773445,0.0148,-0.3765,-1.0481,1.114
5.783609,0.0137,-0.3484,-0.9826,1.043
5.793483,0.0122,-0.3157,-0.9011,0.955
5.804550,0.0099,-0.2795,-0.8061,0.853
5.813768,0.0070,-0.2434,-0.7078,0.749
5.823987,0.0039,-0.1960,-0.5751,0.608
5.834579,0.0016,-0.1614,-0.4752,0.502
5.843969,-0.0004,-0.1201,-0.3557,0.375
5.854338,-0.0018,-0.0904,-0.2694,0.284
5.865553,-0.0022,-0.0628,-0.1880,0.198
5.875880,-0.0030,-0.0554,-0.1656,0.175
5.885696,-0.0035,-0.0474,-0.1416,0.149
5.895478,-0.0020,-0.0218,-0.0657,0.069
5.905349,-0.0009,-0.0080,-0.0241,0.025
5.915211,-0.0006,-0.0041,-0.0123,0.013
5.925367,0.0001,0.0008,0.0025,0.003
5.935653,0.0010,0.0061,0.0179,0.019
5.945653,0.0019,0.0108,0.0315,0.033
5.955541,0.0030,0.0160,0.0458,0.049
5.966179,0.0040,0.0209,0.0584,0.062
5.976633,0.0050,0.0249,0.0680,0.073
5.986967,0.0060,0.0295,0.0789,0.084
5.997274,0.0069,0.0332,0.0866,0.093
6.005927,0.0078,0.0369,0.0942,0.101
6.016459,0.0081,0.0384,0.0962,0.104
6.027078,0.0087,0.0407,0.1000,0.108
6.037560,0.0095,0.0441,0.1061,0.115
6.047786,0.0106,0.0493,0.1164,0.127
6.056877,0.0123,0.0570,0.1319,0.144
6.067690,0.0145,0.0676,0.1532,0.168
6.077136,0.0166,0.0775,0.1725,0.190
6.087199,0.0181,0.0854,0.1867,0.206
6.097917,0.0186,0.0885,0.1904,0.211
6.107843,0.0191,0.0910,0.1932,0.214
6.117593,0.0198,0.0940,0.1969,0.219
6.128246,0.0207,0.0969,0.2007,0.224
6.137724,0.0218,0.1006,0.2058,0.230
6.148842,0.0234,0.1054,0.2132,0.239
6.159181,0.0247,0.1079,0.2164,0.243
6.168759,0.0258,0.1089,0.2170,0.244
6.179704,0.0270,0.1098,0.2173,0.245
6.189435,0.0280,0.1094,0.2155,0.243
6.199047,0.0293,0.1089,0.2135,0.241
6.210347,0.0308,0.1093,0.2132,0.242
6.219065,0.0332,0.1125,0.2186,0.248
6.229754,0.0348,0.1133,0.2201,0.250
6.239662,0.0373,0.1155,0.2255,0.256
6.250619,0.0391,0.1143,0.2256,0.256
6.260184,0.0418,0.1154,0.2310,0.262
6.270133,0.0460,0.1193,0.2440,0.275
6.280457,0.0496,0.1201,0.2520,0.283
6.290267,0.0572,0.1284,0.2784,0.312
6.299982,0.0716,0.1484,0.3355,0.374
6.310365,0.0834,0.1595,0.3758,0.417
6.320829,0.0941,0.1668,0.4095,0.452
6.330743,0.1013,0.1665,0.4254,0.468
6.341616,0.1044,0.1601,0.4244,0.465
6.351825,0.1021,0.1473,0.4031,0.441
6.361306,0.0946,0.1292,0.3629,0.397
6.371092,0.0871,0.1134,0.3257,0.356
6.382494,0.0906,0.1121,0.3314,0.361
6.391808,0.0929,0.1097,0.3347,0.364
6.401452,0.0835,0.0941,0.2950,0.321
6.412626,0.0709,0.0765,0.2476,0.269
6.422005,0.0566,0.0586,0.1956,0.212
6.432584,0.0497,0.0499,0.1713,0.185
6.442991,0.0481,0.0475,0.1672,0.180
6.452759,0.0457,0.0451,0.1608,0.173
6.463789,0.0422,0.0419,0.1506,0.162
6.472857,0.0358,0.0362,0.1299,0.140
6.482681,0.0298,0.0310,0.1102,0.118
6.492523,0.0164,0.0177,0.0618,0.066
6.502720,-0.0062,-0.0070,-0.0239,0.026
6.513354,-0.0235,-0.0274,-0.0912,0.098
6.523941,-0.0397,-0.0479,-0.1559,0.168
6.533704,-0.0521,-0.0650,-0.2078,0.224
6.544224,-0.0591,-0.0759,-0.2397,0.258
6.553746,-0.0589,-0.0772,-0.2426,0.261
6.565876,-0.0553,-0.0739,-0.2321,0.250
6.574149,-0.0477,-0.0648,-0.2039,0.219
6.583966,-0.0452,-0.0626,-0.1969,0.211
6.594998,-0.0427,-0.0600,-0.1883,0.202
6.604941,-0.0306,-0.0437,-0.1372,0.147
6.617771,-0.0173,-0.0250,-0.0786,0.084
6.624666,-0.0035,-0.0052,-0.0163,0.017
6.634610,0.0030,0.0044,0.0137,0.015
6.645524,0.0035,0.0052,0.0162,0.017
6.655638,0.0048,0.0071,0.0220,0.024
6.665699,0.0057,0.0084,0.0258,0.028
6.675328,0.0060,0.0087,0.0268,0.029
6.685390,0.0067,0.0096,0.0295,0.032
6.695613,0.0093,0.0133,0.0408,0.044
6.705915,0.0133,0.0189,0.0578,0.062
6.715632,0.0179,0.0256,0.0776,0.084
6.726453,0.0244,0.0353,0.1060,0.114
6.736382,0.0320,0.0471,0.1396,0.151
6.750124,0.0395,0.0593,0.1735,0.188
6.756048,0.0453,0.0691,0.2001,0.217
6.767141,0.0536,0.0830,0.2379,0.258
6.777144,0.0577,0.0905,0.2568,0.278
6.786478,0.0567,0.0903,0.2533,0.275
6.797624,0.0553,0.0901,0.2494,0.271
6.806971,0.0554,0.0928,0.2527,0.275
6.817640,0.0566,0.0983,0.2619,0.285
6.827227,0.0573,0.1039,0.2703,0.295
6.837927,0.0581,0.1097,0.2781,0.305
6.847467,0.0517,0.1009,0.2477,0.272
6.857608,0.0404,0.0811,0.1926,0.213
6.867695,0.0385,0.0794,0.1838,0.204
6.878849,0.0403,0.0849,0.1926,0.214
6.888026,0.0467,0.0999,0.2234,0.249
6.899754,0.0524,0.1140,0.2516,0.281
6.908596,0.0588,0.1305,0.2840,0.318
6.918166,0.0655,0.1483,0.3181,0.357
6.928735,0.0743,0.1739,0.3682,0.414
6.939343,0.0832,0.2022,0.4221,0.475
6.949213,0.0890,0.2277,0.4681,0.528
6.959180,0.0914,0.2485,0.5021,0.568
6.969039,0.0876,0.2542,0.5054,0.572
6.979265,0.0844,0.2647,0.5210,0.590
6.989875,0.0827,0.2796,0.5476,0.620
6.999726,0.0810,0.2934,0.5747,0.650
7.010328,0.0781,0.3017,0.5955,0.672
7.019321,0.0737,0.3001,0.6022,0.677
7.033582,0.0680,0.2894,0.5923,0.663
7.040075,0.0612,0.2727,0.5723,0.637
7.050059,0.0575,0.2710,0.5885,0.650
7.060832,0.0548,0.2753,0.6193,0.680
7.070980,0.0483,0.2643,0.6109,0.667
7.080893,0.0411,0.2482,0.5859,0.638
7.091455,0.0307,0.2135,0.5107,0.554
7.100917,0.0208,0.1729,0.4187,0.453
7.110829,0.0123,0.1275,0.3131,0.338
7.121505,0.0058,0.0792,0.1982,0.214
7.131755,0.0005,0.0101,0.0256,0.028
7.141591,-0.0021,-0.0641,-0.1658,0.178
7.151332,-0.0023,-0.1328,-0.3485,0.373
7.164017,-0.0001,-0.1740,-0.4670,0.498
7.171242,0.0019,-0.1823,-0.5017,0.534
7.181890,0.0031,-0.1903,-0.5352,0.568
7.192788,0.0046,-0.2032,-0.5811,0.616
7.201845,0.0069,-0.2172,-0.6330,0.669
7.212523,0.0092,-0.2312,-0.6852,0.723
7.222725,0.0117,-0.2440,-0.7328,0.772
7.232299,0.0135,-0.2498,-0.7607,0.801
7.242515,0.0150,-0.2525,-0.7762,0.816
7.254001,0.0158,-0.2530,-0.7813,0.821
7.262891,0.0160,-0.2482,-0.7695,0.809
7.273493,0.0160,-0.2446,-0.7602,0.799
7.283613,0.0153,-0.2389,-0.7436,0.781
7.294491,0.0127,-0.2229,-0.6955,0.730
7.303951,0.0093,-0.2007,-0.6295,0.661
7.313880,0.0059,-0.1769,-0.5580,0.585
7.324317,0.0023,-0.1527,-0.4825,0.506
7.333994,-0.0007,-0.1141,-0.3625,0.380
7.345203,-0.0020,-0.0713,-0.2282,0.239
7.354171,-0.0014,-0.0283,-0.0912,0.095
7.364688,-0.0001,-0.0021,-0.0068,0.007
7.375242,0.0007,0.0077,0.0247,0.026
7.385220,0.0012,0.0114,0.0362,0.038
7.395058,0.0018,0.0157,0.0496,0.052
7.405425,0.0027,0.0207,0.0642,0.068
7.414499,0.0037,0.0256,0.0785,0.083
7.425547,0.0048,0.0306,0.0922,0.097
7.434951,0.0060,0.0357,0.1056,0.112
7.447783,0.0075,0.0415,0.1206,0.128
7.455904,0.0086,0.0449,0.1283,0.136
7.465345,0.0095,0.0483,0.1354,0.144
7.475648,0.0106,0.0525,0.1447,0.154
7.485724,0.0100,0.0515,0.1406,0.150
7.495960,0.0099,0.0511,0.1381,0.148
7.506318,0.0116,0.0567,0.1501,0.161
7.516534,0.0142,0.0661,0.1711,0.184
7.526028,0.0162,0.0742,0.1884,0.203
7.537096,0.0176,0.0807,0.2009,0.217
7.547190,0.0188,0.0880,0.2150,0.233
7.556909,0.0196,0.0934,0.2239,0.243
7.566789,0.0205,0.0999,0.2354,0.257
7.577916,0.0212,0.1062,0.2450,0.268
7.586935,0.0219,0.1139,0.2576,0.283
7.596667,0.0222,0.1195,0.2657,0.292
7.607192,0.0223,0.1225,0.2677,0.295
7.617867,0.0220,0.1227,0.2636,0.292
7.627231,0.0221,0.1236,0.2617,0.290
7.637697,0.0219,0.1226,0.2562,0.285
7.648132,0.0218,0.1217,0.2509,0.280
7.659887,0.0226,0.1232,0.2508,0.280
7.668185,0.0238,0.1239,0.2492,0.279
7.678133,0.0257,0.1253,0.2484,0.279
7.688227,0.0305,0.1321,0.2574,0.291
7.698311,0.0341,0.1363,0.2614,0.297
7.709149,0.0348,0.1326,0.2518,0.287
7.719423,0.0357,0.1297,0.2460,0.280
7.729156,0.0394,0.1335,0.2544,0.290
7.739831,0.0517,0.1618,0.3123,0.356
7.749166,0.0701,0.2045,0.4023,0.457
7.759163,0.0927,0.2535,0.5132,0.580
7.769606,0.1158,0.2988,0.6256,0.703
7.779441,0.1469,0.3581,0.7864,0.876
7.790028,0.1790,0.4111,0.9485,1.049
7.800607,0.2115,0.4583,1.1113,1.221
7.810136,0.2447,0.5012,1.2790,1.395
7.821321,0.2655,0.5135,1.3685,1.486
7.830237,0.2854,0.5202,1.4480,1.565
7.840000,0.2966,0.5085,1.4719,1.585
7.850823,0.3024,0.4847,1.4593,1.567
7.862572,0.3000,0.4506,1.4066,1.507
7.870974,0.2947,0.4164,1.3478,1.441
7.881039,0.2825,0.3786,1.2686,1.354
7.891067,0.2657,0.3416,1.1878,1.264
7.901012,0.2473,0.3071,1.1105,1.178
7.911050,0.2256,0.2730,1.0271,1.086
7.921933,0.1994,0.2372,0.9240,0.975
7.931329,0.1740,0.2074,0.8305,0.873
7.941299,0.1499,0.1807,0.7434,0.780
7.952300,0.1230,0.1501,0.6303,0.659
7.961645,0.0936,0.1153,0.4903,0.512
7.972468,0.0661,0.0818,0.3497,0.365
7.982077,0.0301,0.0373,0.1585,0.166
7.994776,-0.0043,-0.0053,-0.0223,0.023
8.002728,-0.0377,-0.0466,-0.1935,0.203
8.012691,-0.0737,-0.0912,-0.3734,0.391
8.023153,-0.0954,-0.1186,-0.4814,0.505
8.033031,-0.1161,-0.1452,-0.5810,0.610
8.042768,-0.1246,-0.1566,-0.6229,0.654
8.053503,-0.1220,-0.1558,-0.6165,0.647
8.062939,-0.1085,-0.1409,-0.5587,0.586
8.073696,-0.0910,-0.1199,-0.4782,0.501
8.083622,-0.0707,-0.0936,-0.3795,0.397
8.093929,-0.0510,-0.0669,-0.2767,0.289
8.104190,-0.0341,-0.0437,-0.1846,0.193
8.114357,-0.0198,-0.0246,-0.1054,0.110
8.123592,-0.0065,-0.0078,-0.0338,0.035
8.134420,-0.0005,-0.0005,-0.0023,0.002
8.144617,-0.0054,-0.0061,-0.0259,0.027
8.154529,-0.0085,-0.0093,-0.0390,0.041
8.165004,-0.0092,-0.0098,-0.0406,0.043
8.174147,-0.0086,-0.0091,-0.0370,0.039
8.185846,-0.0067,-0.0072,-0.0285,0.030
8.194528,-0.0084,-0.0091,-0.0350,0.037
8.206178,-0.0064,-0.0071,-0.0266,0.028
8.215554,0.0029,0.0034,0.0122,0.013
8.226082,0.0182,0.0217,0.0752,0.080
8.235761,0.0382,0.0473,0.1589,0.170
8.246429,0.0535,0.0695,0.2249,0.241
8.256025,0.0655,0.0892,0.2782,0.299
8.266728,0.0720,0.1029,0.3082,0.333
8.275988,0.0699,0.1052,0.3014,0.327
8.285860,0.0625,0.0993,0.2707,0.295
8.296370,0.0564,0.0947,0.2450,0.269
8.307066,0.0526,0.0938,0.2308,0.255
8.317143,0.0547,0.1032,0.2425,0.269
8.326838,0.0587,0.1174,0.2647,0.295
8.336980,0.0678,0.1449,0.3155,0.354
8.347020,0.0815,0.1862,0.3950,0.444
8.357785,0.0966,0.2344,0.4862,0.548
8.368009,0.1085,0.2786,0.5666,0.641
8.377514,0.1144,0.3075,0.6127,0.695
8.388332,0.1170,0.3230,0.6331,0.720
8.397628,0.1169,0.3314,0.6397,0.730
8.407423,0.1100,0.3211,0.6086,0.697
8.418350,0.0993,0.2981,0.5563,0.639
8.428186,0.0869,0.2711,0.4983,0.574
8.438512,0.0708,0.2348,0.4256,0.491
8.448671,0.0672,0.2406,0.4396,0.506
8.458700,0.0688,0.2698,0.5030,0.575
8.469072,0.0684,0.2964,0.5684,0.645
8.478848,0.0666,0.3233,0.6426,0.722
8.489130,0.0640,0.3498,0.7253,0.808
8.498878,0.0598,0.3687,0.8012,0.884
8.509298,0.0524,0.3657,0.8334,0.912
8.519837,0.0424,0.3464,0.8268,0.897
8.529357,0.0328,0.3184,0.7966,0.859
8.540141,0.0233,0.2737,0.7165,0.767
8.550363,0.0147,0.2105,0.5738,0.611
8.559641,0.0073,0.1406,0.3986,0.423
8.574836,0.0027,0.0786,0.2318,0.245
8.579840,0.0004,0.0319,0.0977,0.103
8.590503,0.0002,-0.0193,-0.0611,0.064
8.600439,0.0031,-0.0825,-0.2676,0.280
8.609890,0.0083,-0.1347,-0.4471,0.467
8.620450,0.0152,-0.1827,-0.6179,0.645
8.631276,0.0224,-0.2291,-0.7856,0.819
8.641715,0.0249,-0.2528,-0.8862,0.922
8.651673,0.0220,-0.2837,-1.0054,1.045
8.661362,0.0134,-0.3204,-1.1389,1.183
8.670640,0.0015,-0.3573,-1.2650,1.315
8.681600,-0.0167,-0.3920,-1.3790,1.434
8.690955,-0.0381,-0.4197,-1.4679,1.527
8.702661,-0.0622,-0.4525,-1.5648,1.630
8.711436,-0.0878,-0.4788,-1.6276,1.699
8.721252,-0.1128,-0.4971,-1.6588,1.735
8.732516,-0.1332,-0.5024,-1.6495,1.729
8.742051,-0.1496,-0.4950,-1.6019,1.683
8.753830,-0.1619,-0.4836,-1.5418,1.624
8.761844,-0.1706,-0.4722,-1.4793,1.562
8.772837,-0.1779,-0.4643,-1.4265,1.511
8.783335,-0.1960,-0.4866,-1.4537,1.545
8.793592,-0.2059,-0.4917,-1.4377,1.533
8.802901,-0.1906,-0.4404,-1.2830,1.370
8.812948,-0.1644,-0.3690,-1.0805,1.154
8.822951,-0.1353,-0.2964,-0.8754,0.934
8.833776,-0.1057,-0.2247,-0.6703,0.715
8.844091,-0.0866,-0.1805,-0.5382,0.574
8.853754,-0.0791,-0.1640,-0.4839,0.517
8.863463,-0.0793,-0.1648,-0.4781,0.512
8.873834,-0.0793,-0.1659,-0.4721,0.507
8.884116,-0.0779,-0.1665,-0.4623,0.497
8.893995,-0.0752,-0.1677,-0.4521,0.488
8.904276,-0.0691,-0.1645,-0.4291,0.465
8.914531,-0.0592,-0.1538,-0.3886,0.422
8.924035,-0.0479,-0.1367,-0.3355,0.365
8.934533,-0.0390,-0.1218,-0.2904,0.317
8.944874,-0.0316,-0.1060,-0.2465,0.270
8.954440,-0.0241,-0.0827,-0.1892,0.208
8.964787,-0.0170,-0.0582,-0.1318,0.145
8.975192,-0.0095,-0.0319,-0.0717,0.079
8.984820,0.0068,0.0226,0.0509,0.056
8.995426,0.0215,0.0692,0.1560,0.172
9.005601,0.0266,0.0833,0.1866,0.206
9.015858,0.0254,0.0774,0.1713,0.190
9.025951,0.0228,0.0677,0.1479,0.164
9.035958,0.0200,0.0582,0.1257,0.140
9.046330,0.0187,0.0534,0.1141,0.127
9.055913,0.0172,0.0477,0.1006,0.113
9.066630,0.0202,0.0547,0.1137,0.128
9.077539,0.0230,0.0611,0.1246,0.141
9.086226,0.0266,0.0689,0.1381,0.157
9.097222,0.0306,0.0772,0.1522,0.173
9.106510,0.0349,0.0852,0.1661,0.190
9.117323,0.0381,0.0891,0.1731,0.198
9.127153,0.0364,0.0815,0.1584,0.182
9.137618,0.0323,0.0699,0.1365,0.157
9.147592,0.0257,0.0550,0.1081,0.124
9.157319,0.0168,0.0366,0.0722,0.083
9.168119,0.0089,0.0199,0.0395,0.045
9.177528,0.0060,0.0135,0.0271,0.031
9.188180,0.0096,0.0217,0.0441,0.050
9.198922,0.0150,0.0337,0.0702,0.079
9.208034,0.0202,0.0441,0.0949,0.107
9.218127,0.0102,0.0215,0.0474,0.053
9.228618,-0.0067,-0.0137,-0.0309,0.034
9.239029,-0.0306,-0.0595,-0.1368,0.152
9.249796,-0.0613,-0.1147,-0.2670,0.297
9.259213,-0.0914,-0.1644,-0.3863,0.430
9.269784,-0.1325,-0.2291,-0.5413,0.603
9.279621,-0.1783,-0.2961,-0.7032,0.784
9.289315,-0.2227,-0.3559,-0.8524,0.950
9.299951,-0.2654,-0.4090,-0.9899,1.103
9.309868,-0.3027,-0.4535,-1.1068,1.234
9.319293,-0.3144,-0.4628,-1.1438,1.273
9.330113,-0.3156,-0.4585,-1.1468,1.275
9.339706,-0.2993,-0.4295,-1.0902,1.209
9.349668,-0.2838,-0.3984,-1.0222,1.133
9.360958,-0.2741,-0.3724,-0.9672,1.072
9.370685,-0.2651,-0.3494,-0.9129,1.013
9.381025,-0.2614,-0.3384,-0.8837,0.982
9.390756,-0.2666,-0.3430,-0.8877,0.988
9.401078,-0.2703,-0.3498,-0.8898,0.994
9.410361,-0.2739,-0.3609,-0.8928,1.001
9.420803,-0.2553,-0.3425,-0.8332,0.936
9.431641,-0.2255,-0.3066,-0.7377,0.830
9.442160,-0.1883,-0.2593,-0.6229,0.701
9.451440,-0.1479,-0.2046,-0.4948,0.555
9.462038,-0.1093,-0.1526,-0.3741,0.419
9.471328,-0.0683,-0.0962,-0.2404,0.268
9.483560,-0.0253,-0.0359,-0.0918,0.102
9.491963,0.0117,0.0168,0.0439,0.048
9.502203,0.0449,0.0650,0.1727,0.190
9.512151,0.0730,0.1061,0.2863,0.314
9.522346,0.0828,0.1202,0.3259,0.357
9.532464,0.0889,0.1283,0.3485,0.382
9.542649,0.0812,0.1165,0.3147,0.345
9.552911,0.0722,0.1032,0.2767,0.304
9.563276,0.0666,0.0955,0.2534,0.279
9.573757,0.0594,0.0858,0.2256,0.249
9.583233,0.0528,0.0771,0.2010,0.222
9.594044,0.0493,0.0729,0.1885,0.208
9.603559,0.0472,0.0710,0.1817,0.201
9.613183,0.0476,0.0735,0.1863,0.206
9.623435,0.0492,0.0786,0.1966,0.217
9.633516,0.0493,0.0826,0.2025,0.224
9.644795,0.0469,0.0831,0.1982,0.220
9.654932,0.0445,0.0843,0.1951,0.217
9.669758,0.0419,0.0844,0.1890,0.211
9.674465,0.0398,0.0856,0.1851,0.208
9.684275,0.0350,0.0801,0.1669,0.188
9.694772,0.0327,0.0790,0.1598,0.181
9.704719,0.0332,0.0848,0.1672,0.190
9.715101,0.0370,0.0994,0.1918,0.219
9.725637,0.0427,0.1201,0.2285,0.262
9.735165,0.0500,0.1486,0.2794,0.320
9.745852,0.0566,0.1772,0.3288,0.378
9.755158,0.0629,0.2084,0.3823,0.440
9.765728,0.0651,0.2297,0.4155,0.479
9.775815,0.0635,0.2395,0.4256,0.492
9.785650,0.0586,0.2370,0.4121,0.479
9.796160,0.0536,0.2342,0.3993,0.466
9.806233,0.0479,0.2273,0.3812,0.446
9.815787,0.0421,0.2174,0.3587,0.422
9.826853,0.0356,0.2028,0.3301,0.389
9.836086,0.0310,0.1964,0.3180,0.375
9.847971,0.0291,0.2040,0.3320,0.391
9.857044,0.0284,0.2185,0.3597,0.422
9.866201,0.0275,0.2241,0.3770,0.439
9.877617,0.0262,0.2222,0.3841,0.445
9.887439,0.0272,0.2381,0.4271,0.490
9.897482,0.0281,0.2498,0.4658,0.529
9.907834,0.0271,0.2452,0.4747,0.535
9.918009,0.0233,0.2149,0.4299,0.481
9.927499,0.0174,0.1669,0.3436,0.382
9.937667,0.0104,0.1036,0.2190,0.243
9.947471,0.0039,0.0405,0.0880,0.097
9.958938,-0.0033,-0.0379,-0.0843,0.093
9.968182,-0.0086,-0.1069,-0.2448,0.267
9.980017,-0.0117,-0.1664,-0.3931,0.427
9.988122,-0.0130,-0.2157,-0.5267,0.569
9.998042,-0.0140,-0.2685,-0.6774,0.729
10.008373,-0.0142,-0.3207,-0.8349,0.894
10.018978,-0.0149,-0.3738,-0.9970,1.065
10.029682,-0.0180,-0.4267,-1.1641,1.240
10.038928,-0.0236,-0.4874,-1.3517,1.437
10.048660,-0.0313,-0.5274,-1.4906,1.581
10.059128,-0.0390,-0.5288,-1.5442,1.633
10.069933,-0.0448,-0.5254,-1.5740,1.660
10.081966,-0.0512,-0.5193,-1.5907,1.674
10.090167,-0.0600,-0.5295,-1.6396,1.724
10.100060,-0.0706,-0.5522,-1.7121,1.800
10.109838,-0.0873,-0.5828,-1.7963,1.891
10.120602,-0.1018,-0.6099,-1.8595,1.960
10.130982,-0.1192,-0.6384,-1.9124,2.020
10.141204,-0.1346,-0.6638,-1.9416,2.056
10.150625,-0.1511,-0.6878,-1.9581,2.081
10.160869,-0.1655,-0.6937,-1.9272,2.055
10.171087,-0.1781,-0.7033,-1.8879,2.022
10.180910,-0.1875,-0.6982,-1.8174,1.956
10.191262,-0.1927,-0.6849,-1.7331,1.874
10.201250,-0.1920,-0.6520,-1.6145,1.752
10.211527,-0.1858,-0.6054,-1.4738,1.604
10.222255,-0.1763,-0.5502,-1.3311,1.451
10.231558,-0.1580,-0.4780,-1.1563,1.261
10.241984,-0.1347,-0.3964,-0.9622,1.049
10.251567,-0.1183,-0.3447,-0.8309,0.907
10.261589,-0.1143,-0.3366,-0.7912,0.867
10.272158,-0.1109,-0.3324,-0.7605,0.837
10.282353,-0.1059,-0.3282,-0.7282,0.806
10.292655,-0.1013,-0.3273,-0.7021,0.781
10.302358,-0.0943,-0.3193,-0.6626,0.742
10.312855,-0.0846,-0.3059,-0.6148,0.692
10.323508,-0.0723,-0.2771,-0.5426,0.614
10.332902,-0.0571,-0.2322,-0.4469,0.507
10.342875,-0.0420,-0.1804,-0.3432,0.390
10.352978,-0.0287,-0.1291,-0.2436,0.277
10.362742,-0.0172,-0.0810,-0.1520,0.173
10.373544,-0.0065,-0.0317,-0.0595,0.068
10.383572,0.0016,0.0081,0.0153,0.017
10.394834,0.0086,0.0448,0.0843,0.096
10.403707,0.0129,0.0704,0.1324,0.150
10.413729,0.0156,0.0881,0.1652,0.188
10.424392,0.0181,0.1068,0.1999,0.227
10.434183,0.0188,0.1149,0.2133,0.243
10.444249,0.0174,0.1106,0.2028,0.232
10.454729,0.0158,0.1042,0.1884,0.216
10.465171,0.0139,0.0932,0.1665,0.191
10.475186,0.0119,0.0801,0.1415,0.163
10.484553,0.0100,0.0672,0.1174,0.136
10.494564,0.0092,0.0611,0.1057,0.122
10.505726,0.0087,0.0572,0.0983,0.114
10.515200,0.0096,0.0608,0.1040,0.121
10.525259,0.0102,0.0621,0.1056,0.123
10.535627,0.0102,0.0582,0.0981,0.115
10.545970,0.0073,0.0382,0.0637,0.075
10.556561,0.0011,0.0055,0.0090,0.011
10.566087,-0.0035,-0.0154,-0.0249,0.029
10.576446,-0.0081,-0.0335,-0.0532,0.063
10.586216,-0.0095,-0.0369,-0.0581,0.069
10.596751,-0.0060,-0.0221,-0.0347,0.042
10.607100,0.0037,0.0133,0.0210,0.025
10.617019,0.0213,0.0743,0.1193,0.142
10.628152,0.0435,0.1489,0.2470,0.292
10.636683,0.0709,0.2370,0.4110,0.480
10.646391,0.0977,0.3137,0.5706,0.658
10.657208,0.1247,0.3810,0.7301,0.833
10.667145,0.1444,0.4187,0.8402,0.950
10.677483,0.1590,0.4446,0.9310,1.044
10.687770,0.1633,0.4383,0.9529,1.061
10.698261,0.1612,0.4191,0.9439,1.045
10.707833,0.1512,0.3815,0.8843,0.975
10.718695,0.1369,0.3370,0.8027,0.881
10.728161,0.1183,0.2865,0.6994,0.765
10.738562,0.0941,0.2273,0.5657,0.617
10.748224,0.0721,0.1767,0.4492,0.488
10.758999,0.0552,0.1385,0.3623,0.392
10.768590,0.0373,0.0968,0.2585,0.279
10.778431,0.0278,0.0758,0.2089,0.224
10.788545,0.0238,0.0680,0.1944,0.207
10.799957,0.0169,0.0497,0.1469,0.156
10.809660,0.0084,0.0249,0.0759,0.080
10.819545,-0.0049,-0.0143,-0.0444,0.047
10.829255,-0.0232,-0.0670,-0.2079,0.220
10.839848,-0.0480,-0.1360,-0.4157,0.440
10.849461,-0.0714,-0.2026,-0.6054,0.642
10.859694,-0.0940,-0.2721,-0.7889,0.840
10.869920,-0.1077,-0.3213,-0.9058,0.967
10.880167,-0.1184,-0.3619,-0.9939,1.064
10.890328,-0.1194,-0.3730,-1.0036,1.077
10.900196,-0.1166,-0.3700,-0.9793,1.053
10.911843,-0.1072,-0.3444,-0.9062,0.975
10.920578,-0.0949,-0.3074,-0.8086,0.870
10.930666,-0.0804,-0.2610,-0.6899,0.742
10.941560,-0.0617,-0.2027,-0.5412,0.581
10.951052,-0.0427,-0.1425,-0.3842,0.412
10.961541,-0.0247,-0.0844,-0.2298,0.246
10.971717,-0.0082,-0.0287,-0.0789,0.084
10.981700,0.0014,0.0050,0.0137,0.015
10.991140,0.0048,0.0171,0.0468,0.050
11.001746,0.0080,0.0290,0.0787,0.084
11.011738,0.0098,0.0358,0.0959,0.103
11.022649,0.0108,0.0397,0.1047,0.113
11.031512,0.0117,0.0435,0.1128,0.121
11.042177,0.0125,0.0475,0.1212,0.131
11.052428,0.0134,0.0514,0.1290,0.140
11.062844,0.0144,0.0559,0.1381,0.150
11.072833,0.0150,0.0586,0.1428,0.155
11.082200,0.0155,0.0614,0.1476,0.161
11.093018,0.0156,0.0627,0.1488,0.162
11.103738,0.0159,0.0650,0.1523,0.166
11.113827,0.0164,0.0677,0.1567,0.171
11.124117,0.0175,0.0725,0.1653,0.181
11.133719,0.0189,0.0781,0.1754,0.193
11.143398,0.0208,0.0840,0.1859,0.205
11.153957,0.0227,0.0883,0.1933,0.214
11.163619,0.0252,0.0940,0.2032,0.225
11.178069,0.0277,0.0994,0.2126,0.236
11.184706,0.0297,0.1035,0.2191,0.244
11.194000,0.0317,0.1080,0.2262,0.253
11.204627,0.0336,0.1134,0.2348,0.263
11.214535,0.0350,0.1174,0.2408,0.270
11.224921,0.0362,0.1205,0.2455,0.276
11.234791,0.0371,0.1206,0.2444,0.275
11.245306,0.0376,0.1165,0.2370,0.267
11.255332,0.0365,0.1085,0.2224,0.250
11.264998,0.0341,0.0982,0.2035,0.228
11.274734,0.0316,0.0892,0.1865,0.209
11.286518,0.0281,0.0794,0.1672,0.187
11.295941,0.0242,0.0703,0.1488,0.166
11.308967,0.0207,0.0625,0.1325,0.148
11.316090,0.0170,0.0541,0.1149,0.128
11.325888,0.0201,0.0681,0.1463,0.163
11.335883,0.0283,0.1030,0.2262,0.250
11.346265,0.0372,0.1464,0.3325,0.365
11.356547,0.0438,0.1854,0.4371,0.477
11.366423,0.0496,0.2271,0.5588,0.605
11.376556,0.0536,0.2593,0.6697,0.720
11.386673,0.0583,0.2897,0.7880,0.842
11.397024,0.0598,0.3003,0.8573,0.910
11.406449,0.0585,0.2910,0.8692,0.918
11.416681,0.0571,0.2718,0.8519,0.896
11.427139,0.0528,0.2462,0.8092,0.847
11.441840,0.0461,0.2165,0.7454,0.778
11.447443,0.0374,0.1880,0.6733,0.700
11.457762,0.0276,0.1502,0.5540,0.575
11.467968,0.0188,0.1112,0.4208,0.436
11.477709,0.0113,0.0720,0.2806,0.290
11.488933,0.0050,0.0324,0.1298,0.134
11.498073,-0.0026,-0.0160,-0.0660,0.068
11.508202,-0.0108,-0.0633,-0.2681,0.276
11.518101,-0.0217,-0.1162,-0.5047,0.518
11.528447,-0.0359,-0.1769,-0.7807,0.801
11.538467,-0.0477,-0.2167,-0.9725,0.997
11.548782,-0.0581,-0.2421,-1.1060,1.134
11.558586,-0.0690,-0.2663,-1.2370,1.267
11.570098,-0.0841,-0.2942,-1.3840,1.417
11.579397,-0.1002,-0.3207,-1.5173,1.554
11.593337,-0.1179,-0.3471,-1.6485,1.689
11.599227,-0.1341,-0.3585,-1.7192,1.761
11.609064,-0.1461,-0.3530,-1.7259,1.768
11.621029,-0.1526,-0.3411,-1.6934,1.734
11.630157,-0.1528,-0.3181,-1.6098,1.648
11.639727,-0.1475,-0.2898,-1.4875,1.523
11.649650,-0.1412,-0.2659,-1.3695,1.402
11.659924,-0.1276,-0.2345,-1.2042,1.233
11.670549,-0.1112,-0.2005,-1.0215,1.047
11.680798,-0.0960,-0.1713,-0.8570,0.879
11.691036,-0.0751,-0.1326,-0.6560,0.673
11.701546,-0.0507,-0.0882,-0.4340,0.446
11.711224,-0.0252,-0.0429,-0.2116,0.217
11.725559,0.0052,0.0088,0.0435,0.045
11.730963,0.0331,0.0540,0.2698,0.277
11.741358,0.0432,0.0683,0.3400,0.350
11.752147,0.0397,0.0623,0.3016,0.310
11.761612,0.0342,0.0541,0.2519,0.260
11.771501,0.0252,0.0409,0.1817,0.188
11.781211,0.0131,0.0219,0.0923,0.096
11.791669,-0.0009,-0.0016,-0.0063,0.007
11.804193,-0.0139,-0.0249,-0.0950,0.099
11.812334,-0.0242,-0.0447,-0.1631,0.171
11.822682,-0.0309,-0.0587,-0.2055,0.216
11.832178,-0.0362,-0.0698,-0.2365,0.249
11.842465,-0.0426,-0.0826,-0.2719,0.287
11.853316,-0.0470,-0.0911,-0.2931,0.310
11.863125,-0.0507,-0.0977,-0.3093,0.328
11.873560,-0.0546,-0.1044,-0.3258,0.346
11.883720,-0.0546,-0.1036,-0.3219,0.343
11.893262,-0.0579,-0.1110,-0.3404,0.363
11.905469,-0.0573,-0.1114,-0.3381,0.361
11.913246,-0.0556,-0.1098,-0.3281,0.350
11.923106,-0.0532,-0.1066,-0.3135,0.335
11.933851,-0.0497,-0.1007,-0.2917,0.313
11.944638,-0.0441,-0.0909,-0.2598,0.279
11.954046,-0.0363,-0.0748,-0.2124,0.228
11.964075,-0.0265,-0.0545,-0.1545,0.166
11.974000,-0.0137,-0.0280,-0.0795,0.085
11.985054,0.0028,0.0057,0.0162,0.017
11.994646,0.0203,0.0424,0.1204,0.129
12.007499,0.0361,0.0765,0.2160,0.232
12.014628,0.0488,0.1042,0.2926,0.314
12.025152,0.0569,0.1226,0.3401,0.366
12.035131,0.0590,0.1299,0.3533,0.381
12.045562,0.0590,0.1334,0.3554,0.384
12.055335,0.0583,0.1371,0.3579,0.388
12.065770,0.0560,0.1368,0.3519,0.382
12.075336,0.0524,0.1332,0.3391,0.368
12.086022,0.0491,0.1277,0.3238,0.352
12.095621,0.0458,0.1186,0.3027,0.328
12.106162,0.0425,0.1075,0.2778,0.301
12.117041,0.0449,0.1097,0.2921,0.315
12.126287,0.0518,0.1213,0.3360,0.361
12.137906,0.0559,0.1247,0.3600,0.385
12.146577,0.0593,0.1252,0.3778,0.402
12.157189,0.0623,0.1233,0.3918,0.415
12.167183,0.0656,0.1200,0.4039,0.426
12.177599,0.0670,0.1123,0.4009,0.422
12.187717,0.0558,0.0839,0.3185,0.334
12.197657,0.0331,0.0442,0.1787,0.187
12.207757,0.0006,0.0007,0.0031,0.003
12.218288,-0.0404,-0.0422,-0.1959,0.204
12.227651,-0.0859,-0.0786,-0.3938,0.411
12.238491,-0.1340,-0.1060,-0.5795,0.604
12.248124,-0.1848,-0.1256,-0.7550,0.787
12.258257,-0.2271,-0.1311,-0.8783,0.917
12.272669,-0.2642,-0.1297,-0.9720,1.016
12.278079,-0.2964,-0.1245,-1.0428,1.091
12.288666,-0.3184,-0.1154,-1.0776,1.130
12.298342,-0.3315,-0.1045,-1.0854,1.140
12.308860,-0.3259,-0.0912,-1.0466,1.100
12.318813,-0.3352,-0.0854,-1.0495,1.105
12.328668,-0.3552,-0.0833,-1.0853,1.145
12.339128,-0.3702,-0.0818,-1.1074,1.171
12.349002,-0.3833,-0.0820,-1.1275,1.194
12.359330,-0.3958,-0.0856,-1.1496,1.219
12.369933,-0.4050,-0.0920,-1.1682,1.240
12.379684,-0.4062,-0.0986,-1.1731,1.245
12.390376,-0.3764,-0.0989,-1.1038,1.170
12.405137,-0.3256,-0.0922,-0.9800,1.037
12.409511,-0.2648,-0.0812,-0.8242,0.869
12.419940,-0.1973,-0.0653,-0.6341,0.667
12.430526,-0.1329,-0.0477,-0.4404,0.463
12.440337,-0.0718,-0.0276,-0.2442,0.256
12.450729,-0.0137,-0.0056,-0.0476,0.050
12.460904,0.0294,0.0127,0.1033,0.108
12.471418,0.0668,0.0303,0.2369,0.248
12.481248,0.0983,0.0464,0.3487,0.365
12.490984,0.1217,0.0597,0.4291,0.450
12.501432,0.1381,0.0707,0.4840,0.508
12.511696,0.1405,0.0752,0.4857,0.511
12.521847,0.1409,0.0785,0.4803,0.507
12.537207,0.1419,0.0824,0.4769,0.504
12.541980,0.1445,0.0874,0.4780,0.507
12.552296,0.1500,0.0935,0.4857,0.517
12.562379,0.1556,0.0999,0.4934,0.527
12.572348,0.1610,0.1056,0.4991,0.535
12.583291,0.1670,0.1122,0.5063,0.545
12.593063,0.1733,0.1195,0.5156,0.557
12.602457,0.1807,0.1280,0.5276,0.572
12.613228,0.1861,0.1365,0.5372,0.585
12.622603,0.1855,0.1421,0.5351,0.584
12.633607,0.1815,0.1454,0.5272,0.576
12.643241,0.1770,0.1487,0.5201,0.569
12.653417,0.1722,0.1524,0.5140,0.563
12.663661,0.1682,0.1549,0.5081,0.557
12.674158,0.1625,0.1556,0.4975,0.546
12.686138,0.1582,0.1569,0.4902,0.539
12.693989,0.1538,0.1574,0.4819,0.530
12.704416,0.1491,0.1571,0.4715,0.519
12.715480,0.1449,0.1563,0.4626,0.509
12.724682,0.1410,0.1555,0.4545,0.501
12.734668,0.1358,0.1524,0.4412,0.486
12.744703,0.1295,0.1479,0.4263,0.469
12.754171,0.1216,0.1418,0.4078,0.449
12.765057,0.1146,0.1363,0.3913,0.430
12.775007,0.1062,0.1299,0.3718,0.408
12.785195,0.0971,0.1228,0.3506,0.384
12.795441,0.0865,0.1135,0.3233,0.353
12.805885,0.0765,0.1047,0.2972,0.324
12.823754,0.0664,0.0947,0.2684,0.292
12.829477,0.0624,0.0926,0.2623,0.285
12.837790,0.0664,0.1023,0.2910,0.315
12.845534,0.0702,0.1120,0.3213,0.347
12.855422,0.0735,0.1213,0.3522,0.380
12.866662,0.0775,0.1317,0.3892,0.418
12.875843,0.0830,0.1448,0.4370,0.468
12.886229,0.0864,0.1544,0.4777,0.509
12.896028,0.0908,0.1667,0.5300,0.563
12.906136,0.0943,0.1781,0.5844,0.618
12.916538,0.0957,0.1857,0.6303,0.664
12.927079,0.0941,0.1883,0.6589,0.692
12.937001,0.0915,0.1892,0.6835,0.715
12.951224,0.0865,0.1852,0.6909,0.721
12.956608,0.0793,0.1767,0.6801,0.707
12.967651,0.0677,0.1576,0.6254,0.649
12.977422,0.0550,0.1342,0.5483,0.567
12.987490,0.0414,0.1060,0.4457,0.460
12.997474,0.0279,0.0739,0.3201,0.330
13.008279,0.0137,0.0375,0.1669,0.172
13.017707,0.0001,0.0003,0.0012,0.001
13.027726,-0.0116,-0.0348,-0.1630,0.167
13.038334,-0.0203,-0.0649,-0.3112,0.319
13.047848,-0.0236,-0.0814,-0.4018,0.411
13.058407,-0.0255,-0.0956,-0.4828,0.493
13.068266,-0.0275,-0.1106,-0.5653,0.577
13.081188,-0.0291,-0.1245,-0.6404,0.653
13.089188,-0.0297,-0.1341,-0.6967,0.710
13.099289,-0.0313,-0.1456,-0.7628,0.777
13.109728,-0.0336,-0.1573,-0.8270,0.843
13.119345,-0.0359,-0.1673,-0.8784,0.895
13.132574,-0.0377,-0.1736,-0.9090,0.926
13.139869,-0.0397,-0.1789,-0.9300,0.948
13.149253,-0.0418,-0.1837,-0.9373,0.956
13.160075,-0.0442,-0.1855,-0.9275,0.947
13.169862,-0.0433,-0.1791,-0.8795,0.899
13.180420,-0.0412,-0.1668,-0.8051,0.823
13.190498,-0.0382,-0.1492,-0.7084,0.725
13.200760,-0.0325,-0.1245,-0.5805,0.595
13.210984,-0.0248,-0.0923,-0.4241,0.435
13.220529,-0.0152,-0.0541,-0.2463,0.253
13.233754,-0.0056,-0.0195,-0.0873,0.090
13.240805,0.0013,0.0045,0.0196,0.020
13.250882,0.0041,0.0137,0.0583,0.060
13.260742,0.0059,0.0194,0.0802,0.083
13.271006,0.0109,0.0362,0.1461,0.151
13.281291,0.0154,0.0526,0.2071,0.214
13.291761,0.0172,0.0599,0.2278,0.236
13.302017,0.0169,0.0609,0.2225,0.231
13.312089,0.0131,0.0488,0.1703,0.178
13.321667,0.0097,0.0378,0.1261,0.132
13.332479,0.0068,0.0273,0.0875,0.092
13.342692,0.0049,0.0201,0.0621,0.065
13.352320,0.0042,0.0182,0.0545,0.058
13.362370,0.0047,0.0210,0.0611,0.065
13.372611,0.0067,0.0298,0.0842,0.090
13.383130,0.0082,0.0364,0.1002,0.107
13.393234,0.0099,0.0438,0.1180,0.126
13.402901,0.0110,0.0481,0.1272,0.136
13.413276,0.0119,0.0509,0.1324,0.142
13.423094,0.0126,0.0524,0.1340,0.144
13.433721,0.0124,0.0489,0.1235,0.133
13.445213,0.0123,0.0464,0.1162,0.126
13.453697,0.0125,0.0445,0.1108,0.120
13.464469,0.0136,0.0456,0.1135,0.123
13.474095,0.0099,0.0312,0.0769,0.084
13.483287,0.0048,0.0140,0.0342,0.037
13.494634,0.0034,0.0094,0.0228,0.025
13.504932,0.0049,0.0125,0.0304,0.033
13.514559,0.0148,0.0355,0.0870,0.095
13.525593,0.0248,0.0564,0.1393,0.152
13.534820,0.0369,0.0808,0.1999,0.219
13.545951,0.0479,0.1019,0.2514,0.275
13.554718,0.0553,0.1150,0.2822,0.310
13.565306,0.0590,0.1209,0.2948,0.324
13.575304,0.0592,0.1201,0.2921,0.321
13.586184,0.0585,0.1171,0.2855,0.314
13.595016,0.0554,0.1088,0.2675,0.294
13.605449,0.0519,0.0995,0.2482,0.272
13.615626,0.0480,0.0894,0.2277,0.249
13.626988,0.0564,0.1014,0.2678,0.292
13.635847,0.0849,0.1465,0.4077,0.441
13.646920,0.1108,0.1835,0.5394,0.580
13.656935,0.1273,0.2037,0.6301,0.674
13.666273,0.1360,0.2105,0.6815,0.726
13.678880,0.1312,0.1992,0.6718,0.713
13.686369,0.1181,0.1773,0.6196,0.655
13.697030,0.0913,0.1366,0.4920,0.519
13.706857,0.0651,0.0974,0.3595,0.378
13.716681,0.0323,0.0486,0.1833,0.192
13.726831,0.0009,0.0014,0.0053,0.006
13.737823,-0.0300,-0.0447,-0.1781,0.186
13.747799,-0.0537,-0.0790,-0.3278,0.341
13.757660,-0.0719,-0.1028,-0.4483,0.466
13.767785,-0.0852,-0.1176,-0.5411,0.560
13.777989,-0.0911,-0.1207,-0.5893,0.608
13.787805,-0.0888,-0.1123,-0.5817,0.599
13.797659,-0.0854,-0.1027,-0.5603,0.576
13.813337,-0.0817,-0.0943,-0.5352,0.550
13.818393,-0.0782,-0.0871,-0.5088,0.522
13.828369,-0.0869,-0.0947,-0.5569,0.571
13.839032,-0.1133,-0.1224,-0.7067,0.726
13.848976,-0.1398,-0.1507,-0.8476,0.872
13.858875,-0.1588,-0.1707,-0.9351,0.964
13.869696,-0.1710,-0.1834,-0.9817,1.013
13.878815,-0.1716,-0.1829,-0.9625,0.995
13.889459,-0.1638,-0.1727,-0.9025,0.933
13.899534,-0.1406,-0.1468,-0.7631,0.790
13.909168,-0.1147,-0.1185,-0.6177,0.639
13.919674,-0.0815,-0.0834,-0.4341,0.449
13.930373,-0.0476,-0.0486,-0.2522,0.261
13.939725,-0.0148,-0.0150,-0.0773,0.080
13.949627,0.0122,0.0124,0.0631,0.065
13.960236,0.0364,0.0366,0.1839,0.191
13.970290,0.0579,0.0580,0.2867,0.298
13.980158,0.0721,0.0721,0.3476,0.362
13.991631,0.0769,0.0776,0.3619,0.378
14.000548,0.0796,0.0816,0.3677,0.385
14.010342,0.0809,0.0845,0.3678,0.386
14.021732,0.0818,0.0874,0.3660,0.385
14.031250,0.0822,0.0905,0.3628,0.383
14.041478,0.0824,0.0929,0.3583,0.379
14.051304,0.0831,0.0959,0.3557,0.378
14.062047,0.0840,0.0986,0.3526,0.376
14.072816,0.0860,0.1027,0.3537,0.378
14.082061,0.0871,0.1052,0.3506,0.376
14.094804,0.0900,0.1103,0.3550,0.383
14.102404,0.0925,0.1149,0.3587,0.388
14.112049,0.0965,0.1216,0.3677,0.399
14.122643,0.1006,0.1280,0.3765,0.410
14.132742,0.1047,0.1338,0.3836,0.420
14.142284,0.1086,0.1386,0.3888,0.427
14.153011,0.1116,0.1416,0.3895,0.429
14.162355,0.1145,0.1443,0.3902,0.432
14.174064,0.1155,0.1445,0.3844,0.427
14.183935,0.1171,0.1456,0.3810,0.424
14.193189,0.1182,0.1460,0.3763,0.421
14.203746,0.1207,0.1480,0.3758,0.422
14.212790,0.1227,0.1500,0.3756,0.423
14.225378,0.1247,0.1519,0.3756,0.424
14.234275,0.1257,0.1525,0.3737,0.423
14.244217,0.1246,0.1514,0.3679,0.417
14.254209,0.1224,0.1491,0.3601,0.409
14.264454,0.1167,0.1438,0.3452,0.392
14.273832,0.1115,0.1394,0.3326,0.377
14.284746,0.1057,0.1347,0.3190,0.362
14.294435,0.1078,0.1414,0.3322,0.377
14.305004,0.1157,0.1571,0.3680,0.417
14.314674,0.1257,0.1768,0.4147,0.468
14.328085,0.1275,0.1860,0.4369,0.492
14.335041,0.1240,0.1878,0.4418,0.496
14.345033,0.1162,0.1838,0.4320,0.484
14.356557,0.1077,0.1780,0.4186,0.467
14.365354,0.0998,0.1728,0.4079,0.454
14.375285,0.0933,0.1695,0.4028,0.447
14.385926,0.0913,0.1740,0.4198,0.464
14.395568,0.0883,0.1770,0.4355,0.478
14.405954,0.0862,0.1828,0.4613,0.504
14.416346,0.0891,0.2009,0.5244,0.569
14.426117,0.0910,0.2188,0.5940,0.640
14.436918,0.0917,0.2365,0.6696,0.716
14.446670,0.0907,0.2509,0.7441,0.790
14.461265,0.0855,0.2554,0.7901,0.835
14.466793,0.0768,0.2465,0.7926,0.834
14.477010,0.0650,0.2279,0.7586,0.795
14.486936,0.0486,0.1873,0.6430,0.671
14.497176,0.0304,0.1282,0.4542,0.473
14.507328,0.0135,0.0621,0.2269,0.236
14.517307,-0.0006,-0.0029,-0.0109,0.011
14.527635,-0.0098,-0.0575,-0.2221,0.230
14.539013,-0.0143,-0.1016,-0.4027,0.416
14.548143,-0.0137,-0.1271,-0.5181,0.534
14.558081,-0.0102,-0.1401,-0.5885,0.605
14.567912,-0.0054,-0.1469,-0.6358,0.653
14.578424,-0.0012,-0.1456,-0.6495,0.666
14.592044,0.0022,-0.1488,-0.6812,0.697
14.598427,0.0031,-0.1516,-0.7148,0.731
14.608583,0.0025,-0.1567,-0.7594,0.775
14.619074,-0.0003,-0.1719,-0.8495,0.867
14.629112,-0.0049,-0.1949,-0.9628,0.982
14.639683,-0.0122,-0.2271,-1.1071,1.130
14.649717,-0.0228,-0.2679,-1.2711,1.299
14.658977,-0.0364,-0.3094,-1.4229,1.457
14.670240,-0.0519,-0.3411,-1.5248,1.563
14.679687,-0.0691,-0.3619,-1.5817,1.624
14.690571,-0.0840,-0.3598,-1.5516,1.595
14.699871,-0.0958,-0.3449,-1.4715,1.514
14.710657,-0.1047,-0.3239,-1.3669,1.409
14.726401,-0.1118,-0.3022,-1.2598,1.300
14.730770,-0.1149,-0.2786,-1.1452,1.184
14.744429,-0.1153,-0.2552,-1.0316,1.069
14.750325,-0.1127,-0.2371,-0.9342,0.970
14.760379,-0.1125,-0.2295,-0.8750,0.912
14.771025,-0.1299,-0.2594,-0.9406,0.984
14.780725,-0.1521,-0.3025,-1.0328,1.087
14.790963,-0.1723,-0.3431,-1.1037,1.169
14.801892,-0.1823,-0.3717,-1.1293,1.203
14.811598,-0.1915,-0.4012,-1.1505,1.233
14.821587,-0.1986,-0.4295,-1.1631,1.256
14.831974,-0.1987,-0.4444,-1.1499,1.249
14.841514,-0.1975,-0.4545,-1.1290,1.233
14.853148,-0.1894,-0.4517,-1.0782,1.184
14.862376,-0.1791,-0.4398,-1.0149,1.121
14.873692,-0.1703,-0.4300,-0.9604,1.066
14.882238,-0.1637,-0.4227,-0.9170,1.023
14.892503,-0.1542,-0.4073,-0.8592,0.963
14.903338,-0.1433,-0.3887,-0.7972,0.898
14.912732,-0.1319,-0.3713,-0.7399,0.838
14.923353,-0.1194,-0.3503,-0.6815,0.775
14.933587,-0.1078,-0.3297,-0.6272,0.717
14.942932,-0.0975,-0.3108,-0.5787,0.664
14.953421,-0.0936,-0.3066,-0.5590,0.644
14.963907,-0.0903,-0.3022,-0.5410,0.626
14.974104,-0.0733,-0.2493,-0.4449,0.515
14.983976,-0.0578,-0.1987,-0.3542,0.410
14.993915,-0.0466,-0.1621,-0.2876,0.333
15.005404,-0.0420,-0.1462,-0.2563,0.298
15.013633,-0.0381,-0.1321,-0.2294,0.267
15.023825,-0.0339,-0.1172,-0.2019,0.236
15.034716,-0.0311,-0.1076,-0.1833,0.215
15.044248,-0.0260,-0.0901,-0.1528,0.179
15.054055,-0.0229,-0.0792,-0.1346,0.158
15.065052,-0.0196,-0.0672,-0.1149,0.135
15.074792,-0.0153,-0.0522,-0.0905,0.106
15.085503,-0.0102,-0.0346,-0.0612,0.071
15.094771,0.0067,0.0224,0.0411,0.047
15.105105,0.0298,0.0976,0.1895,0.215
15.115912,0.0506,0.1600,0.3288,0.369
15.125527,0.0707,0.2129,0.4633,0.515
15.140356,0.0825,0.2368,0.5439,0.599
15.146072,0.0895,0.2427,0.5871,0.642
15.155718,0.0906,0.2311,0.5856,0.636
15.166534,0.0870,0.2082,0.5515,0.596
15.175659,0.0767,0.1723,0.4743,0.510
15.185450,0.0648,0.1365,0.3911,0.419
15.196411,0.0434,0.0861,0.2551,0.273
15.206245,0.0206,0.0393,0.1200,0.128
15.216900,-0.0029,-0.0053,-0.0168,0.018
15.226246,-0.0240,-0.0435,-0.1418,0.150
15.236959,-0.0438,-0.0773,-0.2614,0.276
15.247795,-0.0603,-0.1017,-0.3578,0.377
15.256565,-0.0654,-0.1046,-0.3848,0.404
15.272469,-0.0615,-0.0929,-0.3592,0.376
15.277494,-0.0580,-0.0822,-0.3326,0.347
15.287760,-0.0558,-0.0740,-0.3120,0.325
15.297926,-0.0749,-0.0931,-0.4008,0.418
15.307639,-0.1098,-0.1293,-0.5589,0.584
15.318079,-0.1460,-0.1657,-0.7117,0.745
15.328247,-0.1830,-0.2031,-0.8569,0.899
15.338251,-0.2079,-0.2293,-0.9451,0.994
15.348732,-0.2216,-0.2441,-0.9855,1.039
15.358943,-0.2201,-0.2444,-0.9664,1.021
15.368493,-0.2092,-0.2339,-0.9115,0.964
15.378450,-0.1860,-0.2083,-0.8093,0.856
15.388531,-0.1613,-0.1802,-0.6984,0.739
15.398381,-0.1227,-0.1354,-0.5318,0.562
15.409560,-0.0851,-0.0917,-0.3665,0.387
15.422194,-0.0467,-0.0488,-0.1988,0.210
15.429423,-0.0106,-0.0108,-0.0445,0.047
15.439140,0.0266,0.0261,0.1095,0.116
15.450400,0.0585,0.0567,0.2388,0.252
15.459921,0.0741,0.0719,0.2998,0.317
15.470277,0.0768,0.0757,0.3085,0.327
15.480510,0.0777,0.0793,0.3129,0.332
15.490226,0.0772,0.0823,0.3127,0.332
15.500270,0.0769,0.0860,0.3140,0.335
15.510774,0.0764,0.0901,0.3150,0.336
15.520691,0.0763,0.0939,0.3159,0.338
15.530593,0.0758,0.0970,0.3142,0.337
15.541375,0.0752,0.0990,0.3105,0.334
15.554643,0.0740,0.0998,0.3037,0.328
15.561379,0.0685,0.0942,0.2786,0.302
15.570663,0.0594,0.0837,0.2395,0.261
15.581024,0.0471,0.0682,0.1881,0.206
15.590856,0.0323,0.0488,0.1290,0.142
15.602041,0.0223,0.0353,0.0894,0.099
15.611592,0.0147,0.0246,0.0595,0.066
15.621128,0.0080,0.0141,0.0326,0.036
15.633041,0.0040,0.0075,0.0167,0.019
15.642214,0.0073,0.0144,0.0311,0.035
15.651842,0.0105,0.0217,0.0456,0.052
15.662715,0.0121,0.0259,0.0534,0.061
15.672198,0.0142,0.0311,0.0630,0.072
15.687440,0.0168,0.0376,0.0748,0.085
15.692510,0.0183,0.0418,0.0816,0.093
15.703051,0.0169,0.0400,0.0765,0.088
15.713445,0.0147,0.0363,0.0680,0.078
15.722478,0.0122,0.0317,0.0581,0.067
15.733482,0.0095,0.0264,0.0476,0.055
15.743702,0.0141,0.0423,0.0754,0.088
15.753063,0.0231,0.0747,0.1329,0.154
15.764270,0.0361,0.1253,0.2247,0.260
15.773843,0.0504,0.1870,0.3414,0.392
15.784028,0.0638,0.2525,0.4727,0.540
15.794354,0.0763,0.3203,0.6189,0.701
15.804230,0.0832,0.3725,0.7442,0.836
15.814667,0.0878,0.4162,0.8617,0.961
15.824092,0.0893,0.4527,0.9734,1.077
15.834563,0.0870,0.4756,1.0597,1.165
15.845147,0.0803,0.4775,1.0966,1.199
15.854420,0.0710,0.4612,1.0840,1.180
15.868346,0.0607,0.4434,1.0695,1.159
15.875534,0.0478,0.4059,1.0023,1.082
15.885966,0.0350,0.3609,0.9172,0.986
15.895882,0.0243,0.3078,0.8057,0.863
15.906727,0.0158,0.2497,0.6732,0.718
15.916775,0.0094,0.1929,0.5372,0.571
15.925779,0.0051,0.1351,0.3892,0.412
15.936207,0.0024,0.0728,0.2169,0.229
15.947416,-0.0000,-0.0014,-0.0044,0.005
15.955854,-0.0020,-0.0845,-0.2629,0.276
15.966592,-0.0036,-0.1770,-0.5568,0.584
15.976380,-0.0042,-0.2679,-0.8501,0.891
15.986960,-0.0044,-0.3341,-1.0751,1.126
16.000996,-0.0058,-0.3777,-1.2386,1.295
16.006774,-0.0081,-0.4075,-1.3627,1.422
16.017394,-0.0121,-0.4344,-1.4788,1.541
16.027131,-0.0185,-0.4592,-1.5834,1.649
16.036799,-0.0258,-0.4771,-1.6637,1.731
16.047440,-0.0347,-0.4907,-1.7266,1.795
16.058375,-0.0417,-0.4883,-1.7306,1.799
16.067692,-0.0509,-0.4872,-1.7232,1.791
16.077662,-0.0563,-0.4701,-1.6571,1.723
16.087664,-0.0618,-0.4505,-1.5745,1.639
16.101579,-0.0633,-0.4190,-1.4536,1.514
16.107541,-0.0623,-0.3757,-1.3009,1.356
16.117798,-0.0602,-0.3305,-1.1403,1.189
16.128448,-0.0556,-0.2813,-0.9685,1.010
16.138616,-0.0478,-0.2270,-0.7797,0.814
16.149032,-0.0377,-0.1687,-0.5795,0.605
16.158767,-0.0261,-0.1111,-0.3817,0.398
16.168640,-0.0129,-0.0530,-0.1817,0.190
16.179750,0.0001,0.0004,0.0012,0.001
16.189523,0.0083,0.0327,0.1091,0.114
16.199679,0.0113,0.0448,0.1453,0.152
16.210383,0.0121,0.0483,0.1514,0.159
16.219599,0.0117,0.0478,0.1445,0.153
16.234014,0.0120,0.0496,0.1454,0.154
16.239810,0.0124,0.0523,0.1480,0.157
16.250144,0.0130,0.0566,0.1552,0.166
16.260263,0.0139,0.0608,0.1617,0.173
16.270656,0.0149,0.0663,0.1719,0.185
16.279976,0.0161,0.0718,0.1813,0.196
16.290023,0.0172,0.0777,0.1909,0.207
16.300239,0.0178,0.0824,0.1969,0.214
16.311196,0.0185,0.0882,0.2055,0.224
16.320898,0.0191,0.0934,0.2127,0.233
16.330745,0.0198,0.0998,0.2221,0.244
16.341807,0.0208,0.1060,0.2309,0.255
16.351066,0.0214,0.1092,0.2327,0.258
16.362374,0.0226,0.1112,0.2330,0.259
16.371187,0.0241,0.1131,0.2342,0.261
16.381785,0.0262,0.1148,0.2357,0.263
16.392342,0.0284,0.1158,0.2364,0.265
16.402023,0.0326,0.1243,0.2532,0.284
16.415205,0.0387,0.1384,0.2822,0.317
16.421746,0.0474,0.1608,0.3287,0.369
16.432302,0.0584,0.1898,0.3903,0.438
16.442493,0.0716,0.2235,0.4643,0.520
16.452124,0.0854,0.2552,0.5360,0.600
16.462444,0.0992,0.2843,0.6072,0.678
16.473736,0.1140,0.3126,0.6817,0.759
16.482536,0.1266,0.3308,0.7406,0.821
16.500155,0.1397,0.3459,0.7978,0.881
16.502797,0.1515,0.3536,0.8423,0.926
16.516501,0.1644,0.3607,0.8901,0.974
16.523823,0.1756,0.3611,0.9222,1.006
16.533509,0.1856,0.3569,0.9441,1.026
16.544524,0.1902,0.3423,0.9362,1.015
16.553612,0.1866,0.3159,0.8920,0.965
16.564494,0.1759,0.2853,0.8275,0.893
16.575064,0.1580,0.2466,0.7300,0.787
16.584173,0.1383,0.2095,0.6316,0.680
16.594984,0.1195,0.1783,0.5443,0.585
16.604995,0.1006,0.1483,0.4573,0.491
16.615155,0.0854,0.1252,0.3888,0.417
16.625257,0.0738,0.1073,0.3366,0.361
16.635098,0.0597,0.0862,0.2721,0.292
16.649017,0.0428,0.0612,0.1940,0.208
16.654651,0.0259,0.0367,0.1166,0.125
16.665499,0.0077,0.0109,0.0344,0.037
16.675392,-0.0125,-0.0176,-0.0550,0.059
16.685802,-0.0313,-0.0442,-0.1368,0.147
16.695803,-0.0488,-0.0691,-0.2113,0.228
16.705982,-0.0628,-0.0886,-0.2677,0.289
16.715636,-0.0786,-0.1099,-0.3284,0.355
16.727275,-0.0907,-0.1254,-0.3724,0.403
16.736295,-0.0993,-0.1360,-0.4008,0.435
16.746816,-0.0994,-0.1346,-0.3956,0.430
16.757416,-0.0888,-0.1190,-0.3511,0.381
16.767389,-0.0725,-0.0959,-0.2850,0.309
16.781752,-0.0478,-0.0627,-0.1883,0.204
16.786831,-0.0224,-0.0291,-0.0883,0.096
16.798247,0.0016,0.0020,0.0062,0.007
16.807327,0.0207,0.0261,0.0814,0.088
16.817491,0.0313,0.0389,0.1228,0.133
16.826854,0.0359,0.0440,0.1406,0.152
16.837474,0.0376,0.0457,0.1475,0.159
16.848045,0.0385,0.0463,0.1510,0.163
16.859716,0.0388,0.0465,0.1530,0.165
16.867482,0.0398,0.0474,0.1571,0.169
16.878609,0.0412,0.0490,0.1628,0.175
16.888737,0.0449,0.0533,0.1765,0.190
16.898525,0.0482,0.0574,0.1890,0.203
16.914319,0.0509,0.0615,0.2001,0.215
16.918505,0.0545,0.0677,0.2161,0.233
16.932599,0.0585,0.0749,0.2335,0.252
16.939131,0.0551,0.0731,0.2206,0.239
16.948790,0.0449,0.0621,0.1798,0.195
16.958893,0.0299,0.0433,0.1191,0.130
16.969601,0.0168,0.0254,0.0663,0.073
16.979429,0.0083,0.0131,0.0327,0.036
16.989615,0.0025,0.0042,0.0099,0.011
16.999298,-0.0015,-0.0027,-0.0061,0.007
17.010332,-0.0053,-0.0098,-0.0216,0.024
17.020408,-0.0096,-0.0182,-0.0387,0.044
17.030216,-0.0141,-0.0275,-0.0565,0.064
17.041863,-0.0163,-0.0322,-0.0639,0.073
17.050038,-0.0176,-0.0352,-0.0673,0.078
17.060769,-0.0161,-0.0331,-0.0611,0.071
17.070956,-0.0091,-0.0193,-0.0345,0.041
17.080932,-0.0010,-0.0023,-0.0040,0.005
17.097165,0.0055,0.0130,0.0223,0.026
17.100968,0.0065,0.0162,0.0270,0.032
17.111225,0.0078,0.0207,0.0337,0.040
17.121492,0.0130,0.0365,0.0585,0.070
17.131232,0.0193,0.0578,0.0913,0.110
17.141550,0.0302,0.0959,0.1507,0.181
17.152106,0.0420,0.1425,0.2242,0.269
17.161903,0.0512,0.1875,0.2969,0.355
17.172082,0.0572,0.2287,0.3647,0.434
17.182360,0.0607,0.2662,0.4284,0.508
17.196290,0.0596,0.2893,0.4715,0.556
17.202427,0.0575,0.3113,0.5144,0.604
17.212375,0.0562,0.3393,0.5699,0.666
17.222606,0.0537,0.3663,0.6270,0.728
17.233075,0.0491,0.3905,0.6847,0.790
17.242777,0.0425,0.4098,0.7366,0.844
17.252834,0.0360,0.4387,0.8138,0.925
17.263196,0.0294,0.4603,0.8812,0.995
17.273844,0.0211,0.4463,0.8759,0.983
17.283684,0.0126,0.4015,0.7992,0.894
17.293627,0.0056,0.3421,0.6896,0.770
17.303991,0.0006,0.2751,0.5594,0.623
17.313827,-0.0024,0.2033,0.4164,0.463
17.323975,-0.0034,0.1223,0.2521,0.280
17.334159,-0.0016,0.0360,0.0747,0.083
17.344155,0.0031,-0.0548,-0.1144,0.127
17.354442,0.0096,-0.1406,-0.2978,0.330
17.364349,0.0157,-0.2154,-0.4638,0.512
17.378454,0.0199,-0.2671,-0.5898,0.648
17.384897,0.0212,-0.3013,-0.6836,0.747
17.394701,0.0192,-0.3213,-0.7460,0.812
17.405084,0.0169,-0.3440,-0.8136,0.884
17.415257,0.0142,-0.3701,-0.8854,0.960
17.425959,0.0110,-0.3926,-0.9467,1.025
17.435751,0.0072,-0.4146,-1.0025,1.085
17.445457,0.0026,-0.4428,-1.0691,1.157
17.456476,-0.0028,-0.4923,-1.1745,1.273
17.466103,-0.0102,-0.5513,-1.2915,1.404
17.475693,-0.0193,-0.5847,-1.3518,1.473
17.486846,-0.0297,-0.5796,-1.3380,1.458
17.496083,-0.0374,-0.5526,-1.2776,1.393
17.510465,-0.0418,-0.4994,-1.1645,1.268
17.516029,-0.0423,-0.4375,-1.0329,1.123
17.526241,-0.0412,-0.3793,-0.9018,0.979
17.537182,-0.0380,-0.3192,-0.7631,0.828
17.546218,-0.0324,-0.2627,-0.6271,0.681
17.557770,-0.0262,-0.2082,-0.4939,0.537
17.567633,-0.0193,-0.1532,-0.3602,0.392
17.576818,-0.0147,-0.1175,-0.2719,0.297
17.588569,-0.0128,-0.1027,-0.2328,0.255
17.597491,-0.0117,-0.0956,-0.2121,0.233
17.607288,-0.0109,-0.0882,-0.1920,0.212
17.618435,-0.0101,-0.0817,-0.1751,0.194
17.627743,-0.0094,-0.0755,-0.1593,0.177
17.642265,-0.0084,-0.0665,-0.1384,0.154
17.648596,-0.0063,-0.0498,-0.1019,0.114
17.657984,-0.0033,-0.0251,-0.0507,0.057
17.669353,0.0008,0.0061,0.0122,0.014
17.678299,0.0051,0.0372,0.0732,0.082
17.688585,0.0089,0.0624,0.1212,0.137
17.699258,0.0117,0.0792,0.1517,0.172
17.709545,0.0138,0.0893,0.1689,0.192
17.719615,0.0153,0.0946,0.1762,0.201
17.729641,0.0165,0.0980,0.1804,0.206
17.739123,0.0172,0.0988,0.1796,0.206
17.750526,0.0175,0.0982,0.1768,0.203
17.760096,0.0185,0.1017,0.1812,0.209
17.770569,0.0190,0.1012,0.1788,0.206
17.779649,0.0201,0.1029,0.1807,0.209
17.789977,0.0209,0.1025,0.1790,0.207
17.799837,0.0219,0.1011,0.1759,0.204
17.810079,0.0227,0.0987,0.1708,0.199
17.820908,0.0231,0.0961,0.1652,0.193
17.830599,0.0228,0.0911,0.1558,0.182
17.840599,0.0214,0.0825,0.1404,0.164
17.850974,0.0188,0.0704,0.1199,0.140
17.860917,0.0147,0.0537,0.0918,0.107
17.870722,0.0099,0.0352,0.0607,0.071
17.881361,0.0044,0.0151,0.0262,0.031
17.891206,-0.0021,-0.0070,-0.0123,0.014
17.902020,-0.0050,-0.0165,-0.0297,0.034
17.911804,-0.0032,-0.0102,-0.0190,0.022
17.926496,0.0005,0.0017,0.0032,0.004
17.931825,0.0001,0.0002,0.0004,0.000
17.941781,-0.0015,-0.0039,-0.0079,0.009
17.953841,-0.0083,-0.0206,-0.0433,0.049
17.962271,-0.0309,-0.0706,-0.1521,0.171
17.972254,-0.0575,-0.1223,-0.2691,0.301
17.983278,-0.0876,-0.1747,-0.3922,0.438
17.992538,-0.1190,-0.2238,-0.5098,0.569
18.002906,-0.1500,-0.2719,-0.6264,0.699
18.013261,-0.1759,-0.3098,-0.7252,0.808
18.023170,-0.1904,-0.3255,-0.7797,0.866
18.034104,-0.1972,-0.3302,-0.8110,0.898
18.043296,-0.1971,-0.3240,-0.8183,0.902
18.057821,-0.1940,-0.3138,-0.8149,0.895
18.063283,-0.1892,-0.3019,-0.8056,0.881
18.073761,-0.1838,-0.2905,-0.7930,0.864
18.084087,-0.1784,-0.2806,-0.7800,0.848
18.094252,-0.1721,-0.2691,-0.7592,0.824
18.103443,-0.1715,-0.2675,-0.7604,0.824
18.114312,-0.1781,-0.2774,-0.7885,0.855
18.123727,-0.1862,-0.2919,-0.8243,0.894
18.134821,-0.1869,-0.2945,-0.8301,0.900
18.145117,-0.1847,-0.2942,-0.8262,0.896
18.154808,-0.1738,-0.2793,-0.7840,0.850
18.165956,-0.1446,-0.2348,-0.6670,0.722
18.175567,-0.1135,-0.1860,-0.5359,0.578
18.191175,-0.0818,-0.1348,-0.3952,0.426
18.195793,-0.0512,-0.0849,-0.2544,0.273
18.207583,-0.0233,-0.0386,-0.1182,0.127
18.215512,0.0004,0.0007,0.0023,0.002
18.225712,0.0147,0.0241,0.0756,0.081
18.235482,0.0242,0.0394,0.1238,0.132
18.245897,0.0292,0.0472,0.1479,0.158
18.255900,0.0323,0.0518,0.1616,0.173
18.266280,0.0352,0.0566,0.1746,0.187
18.276467,0.0378,0.0605,0.1847,0.198
18.286692,0.0403,0.0641,0.1940,0.208
18.297259,0.0423,0.0667,0.2002,0.215
18.306994,0.0447,0.0696,0.2076,0.223
18.323081,0.0465,0.0719,0.2125,0.229
18.327204,0.0476,0.0736,0.2150,0.232
18.340512,0.0497,0.0773,0.2228,0.241
18.347257,0.0515,0.0813,0.2305,0.250
18.357367,0.0525,0.0852,0.2361,0.256
18.368217,0.0517,0.0865,0.2332,0.254
18.378178,0.0495,0.0858,0.2246,0.245
18.388342,0.0467,0.0844,0.2142,0.235
18.398038,0.0463,0.0870,0.2149,0.236
18.408135,0.0463,0.0910,0.2197,0.242
18.418204,0.0469,0.0962,0.2274,0.251
18.428435,0.0470,0.1007,0.2332,0.258
18.438799,0.0462,0.1029,0.2342,0.260
18.449079,0.0448,0.1038,0.2324,0.258
18.458734,0.0437,0.1056,0.2326,0.259
18.474113,0.0423,0.1064,0.2307,0.258
18.479921,0.0409,0.1072,0.2293,0.256
18.489199,0.0388,0.1075,0.2266,0.254
18.500442,0.0373,0.1100,0.2290,0.257
18.509214,0.0371,0.1187,0.2438,0.274
18.519252,0.0367,0.1290,0.2617,0.294
18.530539,0.0376,0.1475,0.2966,0.333
18.539532,0.0391,0.1729,0.3467,0.389
18.550804,0.0401,0.2024,0.4065,0.456
18.559910,0.0392,0.2287,0.4622,0.517
18.570466,0.0374,0.2543,0.5210,0.581
18.581129,0.0345,0.2768,0.5760,0.640
18.590413,0.0298,0.2890,0.6106,0.676
18.604115,0.0236,0.2898,0.6197,0.684
18.610575,0.0174,0.2825,0.6097,0.672
18.621044,0.0113,0.2697,0.5861,0.645
18.631015,0.0055,0.2552,0.5591,0.615
18.641505,0.0002,0.2388,0.5267,0.578
18.650688,-0.0042,0.2227,0.4959,0.544
18.662062,-0.0084,0.2064,0.4646,0.508
18.671639,-0.0115,0.1876,0.4280,0.467
18.682634,-0.0145,0.1692,0.3917,0.427
18.691564,-0.0160,0.1476,0.3479,0.378
18.701760,-0.0162,0.1245,0.2989,0.324
18.713116,-0.0145,0.0959,0.2350,0.254
18.722391,-0.0108,0.0643,0.1613,0.174
18.735586,-0.0046,0.0251,0.0647,0.070
18.742591,0.0040,-0.0209,-0.0550,0.059
18.752593,0.0136,-0.0685,-0.1849,0.198
18.763196,0.0224,-0.1107,-0.3065,0.327
18.773498,0.0307,-0.1512,-0.4276,0.455
18.782582,0.0386,-0.1891,-0.5456,0.579
18.793313,0.0434,-0.2177,-0.6426,0.680
18.803512,0.0456,-0.2394,-0.7253,0.765
18.813621,0.0465,-0.2572,-0.8014,0.843
18.823708,0.0457,-0.2729,-0.8756,0.918
18.833861,0.0440,-0.2866,-0.9476,0.991
18.843661,0.0396,-0.2986,-1.0143,1.058
18.853382,0.0357,-0.3168,-1.0989,1.144
18.863343,0.0289,-0.3421,-1.2023,1.250
18.873739,0.0195,-0.3699,-1.3089,1.360
18.884832,0.0050,-0.3890,-1.3874,1.441
18.894376,-0.0109,-0.3995,-1.4332,1.488
18.903968,-0.0262,-0.4035,-1.4576,1.513
18.914872,-0.0401,-0.3974,-1.4469,1.501
18.924858,-0.0508,-0.3862,-1.4056,1.459
18.935252,-0.0608,-0.3690,-1.3403,1.391
18.945673,-0.0680,-0.3528,-1.2723,1.322
18.955443,-0.0737,-0.3395,-1.2067,1.256
18.965559,-0.0792,-0.3293,-1.1504,1.199
18.975764,-0.0835,-0.3229,-1.1015,1.151
18.987239,-0.0856,-0.3146,-1.0499,1.099
18.995258,-0.0865,-0.3099,-1.0062,1.056
19.005814,-0.0860,-0.3027,-0.9558,1.006
19.015721,-0.0832,-0.2879,-0.8845,0.934
19.026077,-0.0777,-0.2662,-0.8003,0.847
19.035779,-0.0706,-0.2392,-0.7024,0.745
19.048145,-0.0615,-0.2082,-0.6005,0.639
19.056262,-0.0503,-0.1693,-0.4802,0.512
19.066984,-0.0365,-0.1226,-0.3430,0.366
19.077106,-0.0213,-0.0714,-0.1980,0.212
19.087271,-0.0083,-0.0279,-0.0763,0.082
19.097304,0.0028,0.0093,0.0251,0.027
19.107593,0.0122,0.0401,0.1065,0.114
19.117609,0.0186,0.0602,0.1571,0.169
19.127280,0.0224,0.0708,0.1820,0.197
19.137433,0.0238,0.0739,0.1868,0.202
19.153467,0.0251,0.0762,0.1897,0.206
19.158280,0.0261,0.0783,0.1926,0.210
19.167326,0.0276,0.0823,0.2000,0.218
19.178254,0.0311,0.0922,0.2214,0.242
19.188349,0.0359,0.1055,0.2499,0.274
19.198341,0.0414,0.1199,0.2811,0.308
19.208435,0.0466,0.1325,0.3078,0.338
19.218651,0.0498,0.1382,0.3185,0.351
19.228818,0.0523,0.1404,0.3217,0.355
19.239099,0.0529,0.1374,0.3137,0.347
19.249496,0.0533,0.1330,0.3033,0.335
19.259323,0.0529,0.1264,0.2891,0.320
19.268683,0.0519,0.1188,0.2734,0.303
19.285364,0.0510,0.1117,0.2593,0.287
19.289141,0.0489,0.1028,0.2416,0.267
19.299625,0.0472,0.0951,0.2258,0.250
19.310268,0.0466,0.0900,0.2160,0.239
19.319740,0.0456,0.0845,0.2050,0.226
19.329851,0.0433,0.0784,0.1917,0.212
19.340823,0.0400,0.0711,0.1758,0.194
19.350436,0.0373,0.0653,0.1638,0.180
19.361335,0.0362,0.0621,0.1586,0.174
19.370389,0.0370,0.0622,0.1628,0.178
19.380477,0.0387,0.0631,0.1715,0.187
19.390855,0.0399,0.0634,0.1794,0.194
19.401138,0.0410,0.0635,0.1874,0.202
19.417394,0.0402,0.0612,0.1885,0.202
19.420792,0.0377,0.0570,0.1822,0.195
19.434034,0.0348,0.0525,0.1739,0.185
19.441340,0.0292,0.0442,0.1515,0.160
19.451652,0.0227,0.0348,0.1233,0.130
19.461947,0.0144,0.0225,0.0824,0.087
19.472309,0.0046,0.0074,0.0280,0.029
19.482200,-0.0095,-0.0163,-0.0630,0.066
19.492807,-0.0227,-0.0414,-0.1630,0.170
19.502113,-0.0310,-0.0609,-0.2456,0.255
19.512820,-0.0359,-0.0762,-0.3154,0.326
19.522957,-0.0352,-0.0792,-0.3402,0.351
19.533059,-0.0338,-0.0762,-0.3447,0.355
19.543011,-0.0332,-0.0715,-0.3424,0.351
19.553227,-0.0348,-0.0689,-0.3496,0.358
19.567569,-0.0394,-0.0701,-0.3757,0.384
19.572948,-0.0500,-0.0784,-0.4399,0.450
19.582868,-0.0640,-0.0895,-0.5160,0.528
19.594838,-0.0860,-0.1056,-0.6214,0.636
19.603845,-0.1116,-0.1221,-0.7275,0.746
19.614282,-0.1408,-0.1382,-0.8305,0.854
19.624452,-0.1707,-0.1505,-0.9181,0.946
19.633570,-0.1987,-0.1602,-0.9936,1.026
19.644274,-0.2232,-0.1665,-1.0453,1.082
19.654517,-0.2435,-0.1723,-1.0807,1.121
19.664379,-0.2571,-0.1764,-1.0921,1.136
19.674698,-0.2655,-0.1816,-1.0877,1.134
19.684542,-0.2647,-0.1817,-1.0465,1.095
19.698643,-0.2592,-0.1808,-0.9940,1.043
19.704727,-0.2574,-0.1862,-0.9651,1.016
19.714960,-0.2614,-0.1995,-0.9637,1.018
19.725475,-0.2726,-0.2246,-0.9971,1.058
19.735582,-0.2861,-0.2598,-1.0490,1.118
19.745514,-0.2965,-0.3010,-1.1015,1.180
19.755747,-0.3022,-0.3460,-1.1508,1.239
19.766163,-0.3048,-0.3965,-1.2004,1.300
19.776154,-0.2949,-0.4373,-1.2175,1.327
19.785558,-0.2857,-0.4790,-1.2355,1.356
19.798747,-0.2669,-0.5085,-1.2263,1.354
19.806032,-0.2468,-0.5339,-1.2122,1.347
19.816028,-0.2252,-0.5513,-1.1867,1.328
19.826853,-0.2031,-0.5648,-1.1528,1.300
19.836636,-0.1818,-0.5660,-1.1013,1.252
19.846791,-0.1633,-0.5615,-1.0470,1.199
19.857359,-0.1501,-0.5555,-0.9978,1.152
19.867066,-0.1402,-0.5453,-0.9502,1.104
19.876834,-0.1315,-0.5183,-0.8896,1.038
19.887652,-0.1258,-0.4921,-0.8394,0.981
19.897526,-0.1221,-0.4662,-0.7963,0.931
19.907688,-0.1202,-0.4376,-0.7533,0.879
19.917752,-0.1155,-0.3975,-0.6963,0.810
19.927457,-0.1127,-0.3633,-0.6508,0.754
19.938508,-0.1084,-0.3273,-0.6008,0.693
19.948078,-0.0994,-0.2816,-0.5329,0.611
19.966107,-0.0863,-0.2321,-0.4534,0.517
19.967810,-0.0696,-0.1801,-0.3635,0.412
19.978073,-0.0535,-0.1352,-0.2811,0.317
19.989132,-0.0373,-0.0935,-0.2005,0.224
19.998525,-0.0222,-0.0561,-0.1240,0.138
20.009712,-0.0082,-0.0212,-0.0480,0.053
20.019107,0.0069,0.0182,0.0425,0.047
20.028817,0.0207,0.0561,0.1355,0.148
20.039385,0.0304,0.0840,0.2094,0.228
20.049027,0.0358,0.1005,0.2588,0.280
20.059617,0.0398,0.1132,0.3013,0.324
20.069599,0.0422,0.1205,0.3314,0.355
20.079483,0.0405,0.1161,0.3286,0.351
20.090158,0.0385,0.1106,0.3222,0.343
20.099665,0.0366,0.1060,0.3181,0.337
20.116199,0.0339,0.1009,0.3104,0.328
20.120283,0.0310,0.0957,0.3004,0.317
20.130065,0.0295,0.0942,0.3002,0.316
20.140531,0.0284,0.0938,0.3013,0.317
20.151173,0.0249,0.0854,0.2753,0.289
20.161616,0.0211,0.0750,0.2414,0.254
20.171036,0.0182,0.0665,0.2138,0.225
20.181986,0.0165,0.0630,0.2018,0.212
20.191605,0.0159,0.0651,0.2075,0.218
20.201750,0.0166,0.0728,0.2310,0.243
20.211714,0.0183,0.0850,0.2684,0.282
20.222564,0.0190,0.0931,0.2918,0.307
20.231318,0.0188,0.0950,0.2947,0.310
20.247008,0.0165,0.0855,0.2643,0.278
20.252304,0.0148,0.0800,0.2474,0.260
20.262215,0.0131,0.0762,0.2356,0.248
20.272833,0.0109,0.0703,0.2167,0.228
20.282499,0.0087,0.0658,0.2021,0.213
20.292212,0.0064,0.0607,0.1845,0.194
20.302980,0.0042,0.0515,0.1552,0.164
20.313244,0.0025,0.0413,0.1235,0.130
20.323678,0.0008,0.0190,0.0565,0.060
20.333941,-0.0002,-0.0126,-0.0372,0.039
20.343100,0.0003,-0.0505,-0.1490,0.157
20.354383,0.0027,-0.0942,-0.2785,0.294
20.363413,0.0073,-0.1391,-0.4147,0.437
20.378401,0.0144,-0.1944,-0.5847,0.616
20.383422,0.0227,-0.2574,-0.7840,0.825
20.393668,0.0309,-0.3228,-0.9941,1.046
20.404045,0.0377,-0.3908,-1.2166,1.278
20.413987,0.0416,-0.4429,-1.4013,1.470
20.424517,0.0402,-0.4520,-1.4777,1.546
20.434898,0.0374,-0.4453,-1.5081,1.573
20.444485,0.0319,-0.4340,-1.4976,1.560
20.454877,0.0233,-0.4248,-1.4817,1.542
20.465520,0.0118,-0.4226,-1.4779,1.537
20.479298,-0.0018,-0.4403,-1.5276,1.590
20.485074,-0.0238,-0.4907,-1.6598,1.731
20.496334,-0.0539,-0.5334,-1.7598,1.840
20.506743,-0.0889,-0.5728,-1.8374,1.927
20.515893,-0.1287,-0.6080,-1.8848,1.985
20.525992,-0.1667,-0.6251,-1.8764,1.985
20.535601,-0.2005,-0.6287,-1.8302,1.946
20.546169,-0.2306,-0.6073,-1.7131,1.832
20.555938,-0.2464,-0.5580,-1.5331,1.650
20.565860,-0.2512,-0.4975,-1.3313,1.443
20.576192,-0.2313,-0.4077,-1.0737,1.172
20.586606,-0.1849,-0.2968,-0.7758,0.851
20.596033,-0.1059,-0.1563,-0.4127,0.454
20.611536,-0.0140,-0.0195,-0.0520,0.057
20.617192,0.0727,0.0967,0.2590,0.286
20.628433,0.1328,0.1732,0.4591,0.508
20.637287,0.1814,0.2364,0.6157,0.684
20.646717,0.2252,0.2961,0.7591,0.845
20.657322,0.2659,0.3560,0.8988,1.003
20.666957,0.2985,0.4071,1.0117,1.131
20.677117,0.3356,0.4648,1.1400,1.276
20.688897,0.3762,0.5328,1.2940,1.449
20.697464,0.4011,0.5837,1.4008,1.570
20.707946,0.4211,0.6297,1.4957,1.677
20.718162,0.4328,0.6639,1.5656,1.755
20.727715,0.4363,0.6845,1.6082,1.801
20.738282,0.4392,0.7050,1.6600,1.856
20.748743,0.4240,0.7028,1.6667,1.858
20.758412,0.4016,0.6912,1.6579,1.841
20.769247,0.3729,0.6714,1.6327,1.804
20.778717,0.3394,0.6423,1.5817,1.741
20.794692,0.2936,0.5807,1.4381,1.578
20.799152,0.2407,0.4934,1.2233,1.341
20.809643,0.2032,0.4248,1.0676,1.167
20.820041,0.1739,0.3622,0.9348,1.018
20.829599,0.1481,0.3009,0.8018,0.869
20.839908,0.1219,0.2358,0.6530,0.705
20.849948,0.0929,0.1696,0.4866,0.524
20.860549,0.0525,0.0895,0.2644,0.284
20.876670,0.0154,0.0246,0.0749,0.080
20.879666,-0.0173,-0.0261,-0.0822,0.088
20.892863,-0.0406,-0.0572,-0.1891,0.202
20.899823,-0.0588,-0.0774,-0.2700,0.287
20.910168,-0.0720,-0.0889,-0.3292,0.348
20.920443,-0.0608,-0.0710,-0.2817,0.297
20.930433,-0.0490,-0.0548,-0.2310,0.242
20.940692,-0.0536,-0.0579,-0.2551,0.267
20.951000,-0.0613,-0.0648,-0.2945,0.308
20.961124,-0.0715,-0.0749,-0.3462,0.361
20.971086,-0.0808,-0.0855,-0.3967,0.414
20.981605,-0.0904,-0.0986,-0.4532,0.473
20.991510,-0.0900,-0.1037,-0.4673,0.487
21.001790,-0.0911,-0.1131,-0.4937,0.515
21.012044,-0.1026,-0.1398,-0.5782,0.604
21.027655,-0.1160,-0.1762,-0.6813,0.713
21.032190,-0.1259,-0.2138,-0.7689,0.808
21.042174,-0.1318,-0.2497,-0.8349,0.881
21.053449,-0.1343,-0.2803,-0.8810,0.934
21.062322,-0.1283,-0.2944,-0.8803,0.937
21.072762,-0.1226,-0.3084,-0.8805,0.941
21.083444,-0.1167,-0.3194,-0.8746,0.938
21.092846,-0.1077,-0.3272,-0.8620,0.928
21.103311,-0.1013,-0.3383,-0.8526,0.923
21.113691,-0.0938,-0.3443,-0.8296,0.903
21.123661,-0.0972,-0.4035,-0.9169,1.006
21.134449,-0.0937,-0.4404,-0.9587,1.059
21.143673,-0.0885,-0.4437,-0.9278,1.032
21.160533,-0.0833,-0.4357,-0.8859,0.991
21.163217,-0.0812,-0.4295,-0.8590,0.964
21.173749,-0.0782,-0.4228,-0.8337,0.938
21.184850,-0.0758,-0.4128,-0.8031,0.906
21.194492,-0.0736,-0.3901,-0.7536,0.852
21.203847,-0.0698,-0.3633,-0.7007,0.792
21.215003,-0.0655,-0.3393,-0.6541,0.740
21.224583,-0.0613,-0.3158,-0.6085,0.688
21.235109,-0.0580,-0.2936,-0.5655,0.640
21.244772,-0.0521,-0.2642,-0.5087,0.576
21.255109,-0.0456,-0.2311,-0.4458,0.504
21.266037,-0.0378,-0.1930,-0.3735,0.422
21.275229,-0.0287,-0.1499,-0.2914,0.329
21.291040,-0.0196,-0.1060,-0.2075,0.234
21.295041,-0.0121,-0.0668,-0.1315,0.148
21.308018,-0.0042,-0.0245,-0.0485,0.055
21.316107,0.0009,0.0054,0.0107,0.012
21.326054,0.0061,0.0414,0.0824,0.092
21.336196,0.0077,0.0541,0.1068,0.120
21.346458,0.0069,0.0525,0.1038,0.116
21.357002,0.0057,0.0469,0.0922,0.104
21.367068,0.0046,0.0416,0.0807,0.091
21.377147,0.0035,0.0337,0.0647,0.073
21.386261,0.0024,0.0241,0.0459,0.052
21.398298,0.0012,0.0136,0.0257,0.029
21.407322,0.0005,0.0069,0.0129,0.015
21.424568,0.0003,0.0048,0.0090,0.010
21.426848,0.0004,0.0110,0.0203,0.023
21.442900,0.0003,0.0141,0.0260,0.030
21.447482,0.0000,0.0153,0.0281,0.032
21.457716,-0.0002,0.0126,0.0230,0.026
21.467822,-0.0001,0.0046,0.0085,0.010
21.477732,0.0002,-0.0055,-0.0102,0.012
21.488439,0.0007,-0.0127,-0.0234,0.027
21.498539,0.0011,-0.0172,-0.0317,0.036
21.508706,0.0018,-0.0245,-0.0453,0.051
21.519013,0.0028,-0.0359,-0.0672,0.076
21.529091,0.0037,-0.0462,-0.0877,0.099
21.539007,0.0049,-0.0566,-0.1093,0.123
21.549850,0.0063,-0.0647,-0.1270,0.143
21.559052,0.0079,-0.0719,-0.1443,0.161
21.575301,0.0093,-0.0726,-0.1498,0.167
21.579074,0.0096,-0.0645,-0.1370,0.152
21.589050,0.0079,-0.0452,-0.0994,0.109
21.600334,0.0044,-0.0219,-0.0498,0.055
21.610109,0.0005,-0.0024,-0.0057,0.006
21.620245,-0.0009,0.0036,0.0088,0.010
21.630722,0.0042,-0.0164,-0.0411,0.044
21.639965,0.0121,-0.0450,-0.1165,0.125
21.649838,0.0205,-0.0707,-0.1884,0.202
21.660670,0.0314,-0.1011,-0.2769,0.296
21.670399,0.0421,-0.1251,-0.3512,0.375
21.681543,0.0524,-0.1438,-0.4156,0.443
21.690906,0.0615,-0.1566,-0.4665,0.496
21.705247,0.0703,-0.1646,-0.5068,0.537
21.710706,0.0759,-0.1656,-0.5266,0.557
21.722239,0.0779,-0.1604,-0.5269,0.556
21.732033,0.0777,-0.1521,-0.5144,0.542
21.742365,0.0761,-0.1441,-0.4985,0.524
21.751208,0.0739,-0.1368,-0.4841,0.508
21.761876,0.0712,-0.1311,-0.4703,0.493
21.771205,0.0700,-0.1307,-0.4708,0.494
21.783067,0.0708,-0.1351,-0.4863,0.510
21.792383,0.0737,-0.1461,-0.5220,0.547
21.802512,0.0769,-0.1595,-0.5668,0.594
21.813043,0.0776,-0.1717,-0.6053,0.634
21.822963,0.0761,-0.1791,-0.6253,0.655
21.837512,0.0681,-0.1715,-0.5946,0.623
21.842747,0.0569,-0.1541,-0.5311,0.556
21.854249,0.0466,-0.1364,-0.4657,0.488
21.863150,0.0349,-0.1090,-0.3695,0.387
21.872843,0.0243,-0.0811,-0.2725,0.285
21.883071,0.0156,-0.0556,-0.1845,0.193
21.893291,0.0091,-0.0338,-0.1109,0.116
21.903162,0.0041,-0.0162,-0.0525,0.055
21.913428,0.0008,-0.0032,-0.0101,0.011
21.923872,-0.0010,0.0043,0.0136,0.014
21.933659,-0.0020,0.0088,0.0268,0.028
21.944157,-0.0027,0.0122,0.0367,0.039
21.953882,-0.0034,0.0154,0.0452,0.048
21.965139,-0.0042,0.0195,0.0559,0.059
21.974267,-0.0051,0.0231,0.0649,0.069
21.984544,-0.0060,0.0278,0.0765,0.082
21.995348,-0.0066,0.0308,0.0827,0.089
22.005205,-0.0075,0.0349,0.0917,0.098
22.027188,-0.0080,0.0372,0.0956,0.103
22.028231,-0.0085,0.0401,0.1006,0.109
22.034820,-0.0089,0.0423,0.1037,0.112
22.045573,-0.0094,0.0450,0.1077,0.117
22.055086,-0.0099,0.0480,0.1123,0.122
22.065441,-0.0099,0.0498,0.1142,0.125
22.075706,-0.0104,0.0531,0.1191,0.131
22.085942,-0.0114,0.0594,0.1301,0.143
22.095855,-0.0118,0.0635,0.1360,0.151
22.106399,-0.0124,0.0688,0.1442,0.160
22.117619,-0.0120,0.0688,0.1418,0.158
22.125960,-0.0105,0.0644,0.1311,0.146
22.135905,-0.0089,0.0588,0.1186,0.133
22.147592,-0.0071,0.0512,0.1024,0.115
22.156357,-0.0058,0.0458,0.0909,0.102
22.168047,-0.0045,0.0399,0.0785,0.088
22.176869,-0.0035,0.0358,0.0699,0.079
22.186818,-0.0026,0.0306,0.0592,0.067
22.198127,-0.0017,0.0252,0.0485,0.055
22.207469,-0.0009,0.0174,0.0332,0.038
22.217621,-0.0003,0.0087,0.0165,0.019
22.228207,0.0001,-0.0107,-0.0200,0.023
22.237912,-0.0004,-0.0322,-0.0600,0.068
22.251612,-0.0014,-0.0432,-0.0805,0.091
22.258210,-0.0029,-0.0540,-0.1008,0.114
22.268432,-0.0038,-0.0495,-0.0933,0.106
22.278658,-0.0047,-0.0466,-0.0896,0.101
22.288938,-0.0040,-0.0310,-0.0611,0.069
22.297967,-0.0008,-0.0053,-0.0108,0.012
22.308658,0.0041,0.0221,0.0464,0.052
22.319178,0.0110,0.0521,0.1130,0.125
22.330304,0.0177,0.0757,0.1695,0.186
22.338935,0.0257,0.1021,0.2357,0.258
22.349602,0.0327,0.1211,0.2871,0.313
22.360214,0.0302,0.1061,0.2562,0.279
22.369701,0.0205,0.0690,0.1690,0.184
22.379577,0.0101,0.0325,0.0809,0.088
22.389731,0.0030,0.0094,0.0239,0.026
22.399659,-0.0037,-0.0111,-0.0289,0.031
22.410578,-0.0100,-0.0292,-0.0772,0.083
22.419868,-0.0132,-0.0377,-0.1020,0.110
22.435471,-0.0093,-0.0264,-0.0740,0.079
22.439978,-0.0043,-0.0123,-0.0354,0.038
22.450559,-0.0029,-0.0083,-0.0246,0.026
22.460927,-0.0017,-0.0051,-0.0155,0.016
22.470823,-0.0041,-0.0125,-0.0381,0.040
22.481210,-0.0059,-0.0187,-0.0574,0.061
22.491679,-0.0107,-0.0348,-0.1065,0.113
22.501352,-0.0165,-0.0561,-0.1699,0.180
22.511811,-0.0226,-0.0795,-0.2378,0.252
22.521787,-0.0283,-0.1031,-0.3034,0.322
22.531657,-0.0321,-0.1233,-0.3575,0.379
22.541319,-0.0362,-0.1471,-0.4182,0.445
22.551551,-0.0375,-0.1634,-0.4569,0.487
22.568079,-0.0320,-0.1475,-0.4087,0.436
22.571757,-0.0230,-0.1113,-0.3083,0.329
22.581810,-0.0147,-0.0758,-0.2098,0.224
22.592823,-0.0099,-0.0534,-0.1477,0.157
22.602848,-0.0057,-0.0327,-0.0906,0.096
22.612734,-0.0018,-0.0114,-0.0315,0.034
22.623523,0.0006,0.0039,0.0107,0.011
22.633150,0.0009,0.0071,0.0192,0.020
22.645101,0.0012,0.0104,0.0279,0.030
22.653310,0.0016,0.0161,0.0427,0.046
22.663466,0.0020,0.0224,0.0584,0.063
22.673423,0.0023,0.0275,0.0708,0.076
22.683149,0.0024,0.0314,0.0797,0.086
22.700494,0.0023,0.0346,0.0866,0.093
22.703678,0.0022,0.0378,0.0938,0.101
22.713954,0.0020,0.0413,0.1013,0.109
22.724220,0.0019,0.0439,0.1067,0.115
22.734324,0.0021,0.0482,0.1155,0.125
22.744420,0.0024,0.0518,0.1228,0.133
22.755010,0.0027,0.0548,0.1286,0.140
22.764781,0.0029,0.0567,0.1316,0.143
22.775072,0.0034,0.0614,0.1408,0.154
22.785406,0.0040,0.0662,0.1500,0.164
22.794961,0.0045,0.0720,0.1610,0.176
22.805872,0.0051,0.0790,0.1742,0.191
22.815461,0.0055,0.0831,0.1807,0.199
22.825778,0.0060,0.0855,0.1842,0.203
22.835127,0.0063,0.0869,0.1858,0.205
22.853019,0.0062,0.0859,0.1823,0.202
22.856532,0.0057,0.0816,0.1723,0.191
22.865973,0.0046,0.0767,0.1609,0.178
22.876555,0.0033,0.0693,0.1455,0.161
22.885616,0.0018,0.0627,0.1318,0.146
22.896202,0.0006,0.0714,0.1497,0.166
22.906449,-0.0009,0.0923,0.1927,0.214
